ISS (ZARYA)
1 25544U 98067A   26271.14212772  .00006053  00000-0  11922-3 0  9996
2 25544  51.6312 150.5592 0007113 196.8918 163.1834 15.48675883587710
NOAA 2 (ITOS-D)
1 06235U 72082A   26270.29215601 -.00000027  00000-0  12028-3 0  9994
2 06235 102.0061 289.9750 0003991 340.8521  30.5657 12.53218113467744
SOLRAD-7B
1 01291U 65016D   26270.29002572 -.00000010  00000-0  31254-4 0  9996
2 01291  70.0815  19.1891 0021971 340.1426  19.8822 13.94985388130940
OSCAR-7 (AO-7)
1 07530U 74089B   26270.27308662 -.00000033  00000-0  86009-4 0  9998
2 07530 101.9915 284.5859 0011960 297.2757  74.7281 12.53699824373315
UOSAT-2 (UO-11)
1 14781U 84021B   26269.63192479  .00001122  00000-0  11911-3 0  9994
2 14781  97.8195 234.1568 0006876 197.5860 162.5122 14.91016014272247
FLTSATCOM-7 (USA-20)
1 17181U 86096A   26269.76879300 -.00000274  00000-0  00000-0 0  9996
2 17181  12.6218 339.4448 0041390 329.8178 111.6972  0.98930362152971
FLTSATCOM-8 (USA-46)
1 20253U 89077A   26269.84740934 -.00000360  00000-0  00000+0 0  9996
2 20253  12.3954 350.5396 0003153 234.1845 211.6641  1.00266976261588
OSCAR 16 (PACSAT)
1 20439U 90005D   26270.04201198  .00000065  00000-0  39858-4 0  9992
2 20439  98.8437 308.0693 0009559 295.1867  94.1789 14.33960976916534
LUSAT (LO-19)
1 20442U 90005G   26270.04329047  .00000067  00000-0  40826-4 0  9999
2 20442  98.8810 294.6370 0010470 267.0477  92.9509 14.34146200916997
UFO 2 (USA 95)
1 22787U 93056A   26267.94087751  .00000132  00000-0  00000+0 0  9998
2 22787  11.9316   2.9890 0002719 248.2736 119.9037  1.00275378119552
EYESAT-1 (AO-27)
1 22825U 93061C   26270.15781401  .00000073  00000-0  44822-4 0  9996
2 22825  98.6780 337.4818 0008864 154.5389 205.6232 14.30963454721586
ITAMSAT (IO-26)
1 22826U 93061D   26270.10676050  .00000075  00000-0  45196-4 0  9992
2 22826  98.6727 337.3590 0009656 139.2392 220.9515 14.31392501721896
UFO 3 (USA 104)
1 23132U 94035A   26267.05300906 -.00000100  00000-0  00000+0 0  9999
2 23132  12.4130   5.0919 0004550 241.5944 124.8249  1.00271394132699
RADIO ROSTO (RS-15)
1 23439U 94085A   26270.28577619 -.00000017  00000-0  72567-3 0  9998
2 23439  64.8148 138.0938 0159464 345.5933  14.0473 11.27583969307412
UFO 4 (USA 108)
1 23467U 95003A   26269.58392641 -.00000014  00000-0  00000-0 0  9998
2 23467   9.7087  12.7426 0002936 172.2227 202.9373  1.00271197115977
UFO 7 (USA 127)
1 23967U 96042A   26270.25534597 -.00000255  00000-0  00000-0 0  9998
2 23967  11.2163  16.5035 0005956 138.1507 229.9983  1.00175452110518
JAS-2 (FO-29)
1 24278U 96046B   26270.26527113 -.00000041  00000-0 -63083-5 0  9994
2 24278  98.5156 105.1399 0349653 191.3658 167.9436 13.53278653486973
UFO 8 (USA 138)
1 25258U 98016A   26269.72696703 -.00000215  00000-0  00000-0 0  9990
2 25258  11.2548  22.1075 0005795 228.5271 166.0747  1.00251958104888
TECHSAT-1B (GO-32)
1 25397U 98043D   26269.98635667  .00000031  00000-0  33725-4 0  9993
2 25397  99.0163 265.3572 0000414 331.5063  28.6092 14.24444508465824
UFO 10 (USA 146)
1 25967U 99063A   26268.61870729 -.00000179  00000-0  00000+0 0  9997
2 25967   9.9345  26.6651 0004352 199.3265 338.3220  1.00274490 98359
PCSAT (NO-44)
1 26931U 01043C   26269.92290573  .00000081  00000-0  61077-4 0  9995
2 26931  67.0527 341.1306 0005919 273.6495  86.3930 14.31986943305014
PROBA-1
1 26958U 01049B   26270.34368781  .00001425  00000-0  94401-4 0  9995
2 26958  97.9616 282.4845 0055659 135.9305 224.6379 15.07835579359010
SAUDISAT-1C (SO-50)
1 27607U 02058C   26270.17387583  .00000697  00000-0  99811-4 0  9990
2 27607  64.5524 173.3952 0071240 243.6777 115.7001 14.83231207279587
CUTE-1 (CO-55)
1 27844U 03031E   26270.31624646  .00000208  00000-0  10882-3 0  9993
2 27844  98.6771 277.6098 0008460 246.6548 113.3742 14.24386793206216
CUBESAT XI-IV (CO-57)
1 27848U 03031J   26270.28593444  .00000168  00000-0  92797-4 0  9995
2 27848  98.6804 277.2101 0008306 268.3140  91.7087 14.23664748205900
MOZHAYETS-4 (RS-22)
1 27939U 03042A   26270.28201801  .00000437  00000-0  75419-4 0  9992
2 27939  98.3469  97.5578 0010332 309.8547 164.4198 14.73614162230583
UFO 11 (USA 174)
1 28117U 03057A   26269.92105616 -.00000094  00000-0  00000-0 0  9993
2 28117   9.0463  33.2782 0003869 165.0801 214.3421  1.00271418 83478
CUBESAT XI-V (CO-58)
1 28895U 05043F   26269.70253171  .00001092  00000-0  17872-3 0  9995
2 28895  98.3118  67.5542 0012948 241.2052 118.7855 14.72848864116693
CAPE-1
1 31130U 07012P   26270.00587955  .00000847  00000-0  15963-3 0  9990
2 31130  98.4591 247.3089 0084343 112.9306 248.0825 14.65074772 33269
CUTE-1.7+APD II (CO-65)
1 32785U 08021C   26270.10941589  .00004878  00000-0  30195-3 0  9998
2 32785  97.8389 253.7742 0009927  49.3017 310.9072 15.10255719   583
SEEDS-II (CO-66)
1 32791U 08021J   26270.00206589  .00015370  00000-0  44141-3 0  9993
2 32791  97.7562 273.0462 0001445  17.8518 342.2775 15.35941668  2895
YUBILEINY (RS-30)
1 32953U 08025A   26270.30562810  .00000037  00000-0  19014-3 0  9997
2 32953  82.4998 291.9256 0020729  89.3458 270.9997 12.43183295832380
KKS-1 (KISEKI)
1 33499U 09002H   26270.25785573  .00001106  00000-0  14184-3 0  9997
2 33499  98.1170 194.3144 0007106 329.2048  30.8748 14.83338536951328
SWISSCUBE
1 35932U 09051B   26270.17314104  .00000779  00000-0  16299-3 0  9998
2 35932  98.3941 179.7947 0005443 254.9569 105.1030 14.62641183904063
BEESAT
1 35933U 09051C   26269.68901360  .00000673  00000-0  14445-3 0  9993
2 35933  98.3867 178.7220 0003968 275.6891  84.3857 14.61853842904018
ITUPSAT-1
1 35935U 09051E   26269.70062659  .00000625  00000-0  13872-3 0  9997
2 35935  98.3946 177.8149 0006260 288.7711  71.2809 14.60564338903550
PROBA-2
1 36037U 09059B   26270.23335439  .00000118  00000-0  38080-4 0  9994
2 36037  98.2480  92.2038 0012614 330.4985  29.5499 14.54897486896368
XIWANG-1 (HOPE-1)
1 36122U 09072B   26270.31056735  .00000218  00000-0  68630-3 0  9996
2 36122 100.4139 222.5530 0007745   5.8878 354.2325 13.16442443806440
EWS-G2 (GOES-15)
1 36411U 10008A   26270.06128341  .00000027  00000-0  00000-0 0  9995
2 36411   1.5511  81.7478 0005027  87.4239 282.0757  1.00272304 60660
TISAT-1
1 36799U 10035E   26269.38557547  .00023603  00000-0  68790-3 0  9999
2 36799  98.0797 225.2523 0001162 152.3267 207.8037 15.35388539883212
HORYU-2
1 38340U 12025D   26269.35151725  .00002824  00000-0  28758-3 0  9991
2 38340  98.2318  46.5466 0007448 202.9497 157.1388 14.91571845763800
AAUSAT-3
1 39087U 13009B   26270.25416188  .00000450  00000-0  15639-3 0  9998
2 39087  98.3731  91.7612 0010204 265.5190  94.4833 14.40040889711863
STRAND-1
1 39090U 13009E   26269.21459679  .00000201  00000-0  81755-4 0  9995
2 39090  98.3971  87.0045 0007539 292.3497  67.6890 14.37211403711577
CUBEBUG-1 (CAPITAN BETO)
1 39153U 13018D   26270.26321326  .00002900  00000-0  25204-3 0  9993
2 39153  98.1769  74.8673 0011988 165.4960 194.6608 14.97800657726349
PROBA-V
1 39159U 13021A   26270.17188018  .00000035  00000-0  33554-4 0  9997
2 39159  98.3726 243.8072 0003955 177.9521 182.1675 14.23614848695623
ZACUBE-1 (TSHEPISOSAT)
1 39417U 13066B   26269.70223176  .00004206  00000-0  32179-3 0  9990
2 39417  97.8173 232.5871 0038110 272.3063  87.3798 15.01895794695961
TRITON-1
1 39427U 13066M   26270.25486834  .00003108  00000-0  37251-3 0  9991
2 39427  97.8152 177.7045 0087651 261.4982  97.6290 14.82090168689206
DELFI-N3XT
1 39428U 13066N   26270.00341660  .00005747  00000-0  48971-3 0  9994
2 39428  97.8309 190.2731 0071057 226.6315 132.8974 14.96198996689843
GOMX-1
1 39430U 13066Q   26270.24889889  .00001719  00000-0  26107-3 0  9995
2 39430  97.6420 104.2781 0129298 109.1886 252.3366 14.69729594684906
VELOX-PII
1 39438U 13066Y   26270.28501605  .00003538  00000-0  33234-3 0  9994
2 39438  97.8853 221.8499 0052565   6.3826 353.8052 14.93567213693074
CUBEBUG-2 (LO-74)
1 39440U 13066AA  26270.12930702  .00003608  00000-0  33016-3 0  9990
2 39440  97.9002 219.6288 0058121  50.2425 310.3894 14.94336385692214
FUNCUBE-1 (AO-73)
1 39444U 13066AE  26270.16582529  .00005588  00000-0  33676-3 0  9999
2 39444  97.8396 243.9020 0034209 213.9779 145.9259 15.10718627695052
UWE-3
1 39446U 13066AG  26269.79289693  .00003144  00000-0  26789-3 0  9997
2 39446  97.8818 226.6510 0048135 342.5824  17.3744 14.97634429692787
UNISAT-6
1 40012U 14033C   26270.18073938  .00002557  00000-0  27471-3 0  9997
2 40012  97.8018  61.2154 0045954  92.1743 268.4737 14.88678673661338
SMAP
1 40376U 15003A   26270.30226329  .00000295  00000-0  66089-4 0  9992
2 40376  98.1316 275.9696 0001457  89.3235 270.8134 14.63378055622558
LILACSAT-2
1 40908U 15049K   26270.33049956  .00018496  00000-0  28037-3 0  9997
2 40908  97.4539 311.2340 0005117 224.7776 135.3066 15.54673843611607
LAPAN-A2 (IO-86)
1 40931U          26199.45381863  .00000000  00000-0  77536-4 0    07
2 40931   6.0006 322.6653 0012733 338.8432 273.6875 14.79294310    03
LQSAT
1 40958U 15057A   26270.24242291  .00000176  00000-0  31871-4 0  9995
2 40958  97.6779 258.6218 0015761 304.6193  55.3531 14.76884898590370
PRATHAM
1 41783U 16059A   26269.92342419  .00000444  00000-0  86530-4 0  9991
2 41783  97.8413 262.3622 0029742 254.0754 105.7173 14.67306740534432
ALSAT-1N
1 41789U 16059G   26270.26113355  .00000804  00000-0  14322-3 0  9990
2 41789  97.8067 269.1074 0024711 219.1559 140.7860 14.69447458534992
CAS-2T & KS-1Q
1 41847U 16066G   26270.18266369  .00001156  00000-0  17024-3 0  9991
2 41847  98.3742 344.7380 0341228 179.8313 180.3056 14.44865370519527
GOES-16
1 41866U 16071A   26270.31746465 -.00000086  00000-0  00000-0 0  9998
2 41866   0.5858  84.1356 0002072 139.9070 151.6894  1.00271422 36125
FENGYUN-4A
1 41882U 16077A   26270.99975323 -.00000351  00000-0  00000+0 0  9997
2 41882   2.5749  78.9558 0008467 166.9871 243.8652  1.00271990 35969
FOX-1B (AO-91)
1 43017U 17073E   26269.43710515  .00009447  00000-0  40049-3 0  9998
2 43017  97.4530 134.5832 0146213 339.2439  20.2892 15.14069867480700
CANX-2
1 32790U 08021H   26270.21573573  .00003296  00000-0  22901-3 0  9999
2 32790  97.8763 252.0876 0011829  63.9585 296.2857 15.06219282   162
AIST-2 (RS-43)
1 39133U 13015D   26270.30906470  .00004909  00000-0  19053-3 0  9998
2 39133  64.8672 283.1589 0013895 258.3518 101.6053 15.27230559739495
NANOSATC-BR1
1 40024U 14033Q   26270.09891201  .00014107  00000-0  42592-3 0  9996
2 40024  98.0635 311.7156 0003904 167.1136 193.0206 15.34389097669593
FUNCUBE-3 (EO-79)/QB50P1
1 40025U 14033R   26269.99422534  .00006265  00000-0  29787-3 0  9990
2 40025  98.0956 288.3900 0007245 229.1561 130.9044 15.19583225668488
QB50P2
1 40032U 14033Y   26269.96106004  .00005879  00000-0  30716-3 0  9990
2 40032  98.0806 273.3060 0007303 175.2304 184.8998 15.16305134668082
PERSEUS-M2
1 40037U 14033AD  26270.28962964  .00002477  00000-0  22748-3 0  9994
2 40037  98.0067 222.9790 0010868 328.7884  31.2689 14.95768843666046
PERSEUS-M1
1 40039U 14033AF  26269.78545971  .00001467  00000-0  13646-3 0  9999
2 40039  97.9729 215.6431 0010646 326.0991  33.9547 14.95904298665829
POLYITAN-1
1 40042U 14033AJ  26269.62132527  .00018522  00000-0  52203-3 0  9997
2 40042  98.0871 305.7125 0007437 142.7373 217.4386 15.36467808669152
TIGRISAT
1 40043U 14033AK  26269.36875549  .00001674  00000-0  19599-3 0  9998
2 40043  97.7977  57.1718 0050278 102.3095 258.3756 14.85469055660645
UKUBE-1
1 40074U 14037F   26270.26229396  .00006937  00000-0  37703-3 0  9994
2 40074  98.4254 284.3907 0002104 136.8128 223.3267 15.14873131664003
DEORBITSAIL
1 40719U 15032E   26270.04987940  .00005491  00000-0  39010-3 0  9995
2 40719  97.5763 124.9830 0010625 246.7655 113.2454 15.05062382606561
D-SAT
1 42794U 17036AF  26270.15954468  .00005353  00000-0  24382-3 0  9990
2 42794  97.5682 248.9583 0080012 166.4848 193.8555 15.18241680506320
CORVUS-BC2
1 42846U 17042X   26270.01358124  .00002273  00000-0  15626-3 0  9996
2 42846  97.4186  67.5241 0014184 120.1474 240.1162 15.06824017502392
CORVUS-BC1
1 42847U 17042Y   26269.86456425  .00003338  00000-0  22671-3 0  9992
2 42847  97.4214  68.2583 0013061  99.3732 260.8974 15.06973270502407
APRIZESAT-5
1 37792U 11044E   26269.74612657  .00000887  00000-0  11869-3 0  9992
2 37792  98.2493 205.6873 0052930  36.8355 323.6474 14.81226859813822
APRIZESAT-6
1 37793U 11044F   26270.02807795  .00000510  00000-0  79068-4 0  9994
2 37793  98.2283 182.5681 0044144 119.0366 252.2375 14.77033304812185
APRIZESAT-7
1 39416U 13066A   26270.31745557  .00000714  00000-0  75861-4 0  9996
2 39416  97.7824 222.1373 0034375 231.3338 128.4804 14.91769606696453
APRIZESAT-8
1 39425U 13066K   26270.10421401  .00000860  00000-0  98714-4 0  9996
2 39425  97.8317 216.2022 0044646 311.9424  47.7991 14.87814826694828
BUGSAT-1 (TITA)
1 40014U 14033E   26270.20714766  .00005546  00000-0  28620-3 0  9991
2 40014  98.0440   8.7879 0027197 189.4678 170.6044 15.16471333671295
SAUDISAT-4
1 40016U 14033G   26270.16833142  .00000521  00000-0  75092-4 0  9992
2 40016  97.7739  52.8764 0046098 101.2332 259.4066 14.79652900661150
TABLETSAT-AURORA
1 40017U 14033H   26270.25325341  .00005621  00000-0  27394-3 0  9997
2 40017  98.0177 350.4911 0010397 219.4451 140.6025 15.18744671670695
APRIZESAT-9
1 40018U 14033J   26269.60713446  .00000535  00000-0  85978-4 0  9994
2 40018  97.9207  40.4152 0064896 233.5711 125.9504 14.74316267658501
APRIZESAT-10
1 40019U 14033K   26270.16431505  .00000318  00000-0  57983-4 0  9995
2 40019  97.9783  34.9251 0077569 308.8222  50.6077 14.70973345657244
AISAT
1 40054U 14034B   26270.23247098  .00009704  00000-0  59141-3 0  9990
2 40054  98.2336 190.1795 0007028 232.5192 127.5397 15.10588778662603
COSMOS-2407 [+]
1 28380U 04028A   26269.78159897  .00000060  00000-0  45548-4 0  9990
2 28380  82.9653 359.5844 0038415 329.9355 148.8463 13.76341092113859
COSMOS-2414 [+]
1 28521U 05002A   26269.89662204  .00000076  00000-0  50509-4 0  9993
2 28521  82.9515 326.7189 0040960  41.0370 319.3862 13.87935047 97926
COSMOS-2463 [+]
1 36519U 10017A   26270.18800958  .00000049  00000-0  37944-4 0  9993
2 36519  82.9643 174.7750 0035373 205.1889 319.1409 13.71671013821911
NOAA-15
1 25338U 98030A   26270.26485319  .00000086  00000-0  52685-4 0  9990
2 25338  98.5048 288.1310 0011173  52.5372 307.6824 14.27171326475850
NOAA-18
1 28654U 05018A   26270.24892719  .00000042  00000-0  45233-4 0  9995
2 28654  98.8047 348.4113 0013643 217.3511 142.6715 14.13744996100739
NOAA-19
1 33591U 09005A   26270.26612833  .00000030  00000-0  39644-4 0  9996
2 33591  98.9429 341.1668 0014814 101.1937 259.0901 14.13487087908908
SARAL
1 39086U 13009A   26270.27026448  .00000054  00000-0  35887-4 0  9993
2 39086  98.5560  95.5643 0001993  22.3141 337.8130 14.32909231710229
LAPAN-A3
1 41603U 16040E   26270.31877278  .00002907  00000-0  91522-4 0  9996
2 41603  97.1575 263.1969 0010582  19.3499 340.8144 15.33662752570463
METOP-A
1 29499U 06044A   26270.27485841  .00001713  00000-0  20005-3 0  9995
2 29499  98.3403  20.2339 0174325 103.7682 288.0648 14.76260347 40516
METEOR M1
1 35865U 09049A   26269.80757892  .00000043  00000-0  38537-4 0  9997
2 35865  98.7522 231.6091 0002820  37.3754 322.7620 14.23175037883706
METOP-B
1 38771U 12049A   26270.25576987  .00000068  00000-0  51073-4 0  9992
2 38771  98.6395 319.6648 0003220  66.2109 293.9406 14.21461372727769
METEOR M2
1 40069U 14037A   26270.28065875  .00000251  00000-0  13390-3 0  9999
2 40069  98.5248 242.4672 0006958  96.9966 263.2003 14.21486603633820
CSSWE
1 38761U 12048D   26270.16440758  .00031439  00000-0  55575-3 0  9992
2 38761  64.6602 106.6657 0027841 134.3699 225.9729 15.49769716132174
MCUBED-2
1 39469U 13072H   26270.25128050  .00017944  00000-0  61985-3 0  9991
2 39469 120.4903  26.9475 0141404 124.7268 236.7212 15.21135283133347
IPEX
1 39471U 13072K   26270.28583192  .00010041  00000-0  45666-3 0  9998
2 39471 120.4661 326.7380 0169106 107.2848 254.6798 15.09725817130648
FOX-1A (AO-85)
1 40967U 15058D   26270.15499382  .00001597  00000-0  14749-3 0  9993
2 40967  64.7744 321.9657 0139626  18.5904 342.0235 14.91423933128770
OOREOS
1 37224U 10062C   26270.24585701  .00001744  00000-0  16877-3 0  9994
2 37224  71.9697 209.0901 0016187 235.4233 124.5411 14.94075290131885
STARS (KUKAI)
1 33498U 09002G   26270.08214764  .00003681  00000-0  33063-3 0  9993
2 33498  98.1648 221.6406 0008081 181.0280 179.0925 14.96349462953719
YUBELEINY-2 (RS-40)
1 38735U 12041C   26270.28423787  .00000009  00000-0 -86754-5 0  9997
2 38735  82.4820  11.0117 0017391 202.0332 158.0002 12.42652341642521
AIST-1
1 39492U 13078C   26270.28308713  .00001772  00000-0  15428-3 0  9995
2 39492  82.4188 171.9640 0015349 299.3114  60.6573 14.96300922690513
VELOX-1
1 40057U 14034E   26270.23758660  .00005452  00000-0  45902-3 0  9991
2 40057  98.2445 181.0305 0005050 304.9651  55.1095 14.98673750661880
DX1
1 40071U 14037C   26270.29432052  .00001500  00000-0  16111-3 0  9990
2 40071  98.3994 238.2778 0006070 310.0102  50.0581 14.90245789661318
COSMOS-2491 (RS-46) [i]
1 39497U 13076E   26270.27877417  .00000028  00000-0  13122-3 0  9991
2 39497  82.4808 104.5550 0012403 225.9623 134.0436 12.43498955577946
COSMOS-2499 (RS-47) [i]
1 39765U 14028E   26270.28741065  .00000055  00000-0  15707-3 0  9998
2 39765  82.4535 183.5430 0232331 121.7302 240.6674 12.82905030578114
TRANSIT 5B-5
1 00965U 64083D   26270.31168907  .00000032  00000-0  31811-4 0  9996
2 00965  90.0869 203.8877 0041143 342.0073 182.2694 13.57020415 57463
EUTELSAT 1-F4 (ECS 4)
1 18351U 87078B   26269.88194926 -.00000026  00000-0  00000+0 0  9998
2 18351  13.7580 341.4075 0007996  37.3183  35.9794  0.98687145127762
BISONSAT
1 40968U 15058E   26269.47088615  .00003237  00000-0  25385-3 0  9991
2 40968  64.7740 301.5460 0128335  14.9913 345.4948 14.96551765131815
DTUSAT-2
1 40030U 14033W   26269.25143599  .00006215  00000-0  32612-3 0  9992
2 40030  98.0915 273.5188 0006127 244.5411 115.5186 15.16133413667994
ELEKTRO-L2
1 41105U 15074A   26270.18842394 -.00000108  00000-0  00000-0 0  9994
2 41105   6.9430  69.2271 0002024 191.0825 159.0211  1.00272022 39520
DOVE-3
1 39429U 13066P   26270.29111300  .00002006  00000-0  26461-3 0  9997
2 39429  97.6494 124.8878 0114251  53.4542 307.7121 14.76651612686070
FORTE
1 24920U 97047A   26269.94533680  .00000129  00000-0  75321-4 0  9991
2 24920  69.9525 144.1727 0020128 145.5844 214.6586 14.27977880513212
DMSP 5D-2 F15/USA-147
1 25991U 99067A   26270.28662102  .00000077  00000-0  60467-4 0  9992
2 25991  98.9871 310.0738 0010992  74.5840 351.6913 14.17589475385118
CASSIOPE-1
1 39265U 13055A   26270.20607271  .00035212 -65562-6  34530-3 0  9993
2 39265  80.9105 302.1590 0266534  76.7652 286.3166 15.32420014683257
D-STAR ONE PHOENIX
1 43188U 18014J   26270.16690416  .00004545  00000-0  23006-3 0  9990
2 43188  97.5266 174.5303 0009427  31.4729 328.7067 15.17480582474225
S-NET D
1 43186U 18014G   26270.16858944  .00004468  00000-0  22632-3 0  9998
2 43186  97.5249 174.3138 0009017  35.5291 324.6542 15.17471656474227
TEN-KOH
1 43677U 18084G   26269.50922135  .00002059  00000-0  15675-3 0  9993
2 43677  98.0707 106.1587 0010016 135.0465 225.1572 15.03272256431386
STARS-AO
1 43679U 18084J   26270.07832120  .00004899  00000-0  24465-3 0  9994
2 43679  98.0350 130.3403 0002520 141.8599 218.2812 15.18003524432929
LUOJIA-1 01
1 43485U 18048B   26270.29127752  .00001534  00000-0  17478-3 0  9990
2 43485  97.8038 346.8189 0009820 139.3560 220.8391 14.87582203449390
DIWATA-2B (PO-101)
1 43678U 18084H   26270.25716385  .00001642  00000-0  13445-3 0  9996
2 43678  98.1158 110.9578 0012529 187.2841 172.8201 15.00758648431523
ESHAIL-2
1 43700U 18090A   26270.19639730  .00000149  00000-0  00000-0 0  9991
2 43700   0.0152 139.2876 0001247  58.9415 264.2704  1.00273617 28705
K2SAT
1 43761U 18099D   26269.89700939  .00001448  00000-0  10079-3 0  9995
2 43761  97.4089 306.9618 0011369   5.7293 354.4063 15.06919485427421
AISTECHSAT-2
1 43768U 18099L   26270.07339499  .00004584  00000-0  23993-3 0  9996
2 43768  97.4187 315.8815 0003277 320.5933  39.5061 15.16312675427713
SNUSAT-2
1 43782U 18099AA  26270.13656065  .00006182  00000-0  26424-3 0  9998
2 43782  97.3949 321.9897 0008387 302.4095  57.6330 15.23179661428543
ITASAT-1
1 43786U 18099AE  26270.08622741  .00005683  00000-0  26546-3 0  9990
2 43786  97.3918 319.5815 0012038   4.4576 355.6764 15.20139329428385
EAGLET-1
1 43790U 18099AJ  26270.08205406  .00003406  00000-0  19320-3 0  9993
2 43790  97.4123 317.0362 0010820   2.1946 357.9331 15.13574952427743
ESEO
1 43792U 18099AL  26270.08071060  .00000705  00000-0  54477-4 0  9994
2 43792  97.3894 303.0778 0011634 355.1880   4.9233 15.04493609427128
MINXSS-2
1 43758U 18099A   26269.74207491  .00041229  00000-0  63129-3 0  9995
2 43758  97.4441 349.4861 0005697 241.2739 118.7942 15.54231234429869
FOX-1CLIFF (AO-95)
1 43770U 18099N   26270.12694004  .00009411  00000-0  34030-3 0  9999
2 43770  97.4275 330.0760 0007765 358.0796   2.0412 15.28631452428784
CORVUS-BC4
1 43767U 18099K   26269.91553667  .00003478  00000-0  19954-3 0  9994
2 43767  97.3971 309.9119 0008513  21.1450 339.0131 15.13169068427785
CZ-4B R/B
1 43656U 18081B   26270.27612504  .00000171  00000-0  68622-4 0  9993
2 43656  99.3654 196.3123 0204320 332.9232  26.1406 14.31896588413912
COSMOS 2504 [i]
1 40555U 15020D   26270.19820359  .00000357  00000-0  12673-3 0  9998
2 40555  82.5195 152.4777 0608172 357.1278   2.6427 13.61429601564077
MERIDIAN-6
1 38995U 12063A   26266.24437718 -.00000637  00000-0  00000-0 0  9991
2 38995  63.6725 340.8364 7374182 227.9725  40.4819  2.00699718101470
MERIDIAN-7
1 40296U 14069A   26269.87826130  .00000263  00000-0  00000-0 0  9992
2 40296  63.4472 205.4519 6613019 269.8631  20.2660  2.00606495 87278
METOP-C
1 43689U 18087A   26270.27090585  .00000069  00000-0  51535-4 0  9995
2 43689  98.7322 328.0946 0000409  72.8327 287.2894 14.21474889409334
FENGYUN-3B
1 37214U 10059A   26270.29354240  .00000326  00000-0  19171-3 0  9991
2 37214  98.9523 316.6898 0021057 256.8283 236.2701 14.14859464821867
FENGYUN-3C
1 39260U 13052A   26270.23714214  .00000063  00000-0  52955-4 0  9991
2 39260  98.5125 239.4896 0015835  89.5520 270.7469 14.15773935673000
EWS-G1 (GOES-13)
1 29155U 06018A   26270.30883264  .00000036  00000-0  00000-0 0  9997
2 29155   4.7907  75.1209 0059290 279.7250 345.2729  0.98785863 44253
FENGYUN-2H
1 43491U 18050A   26269.70812028 -.00000123  00000-0  00000-0 0  9995
2 43491   3.2842  77.7912 0002747 148.6094 113.3711  1.00271410 30452
FENGYUN-2G
1 40367U 14090A   26269.92590951 -.00000294  00000-0  00000+0 0  9994
2 40367   5.8884  71.5346 0004016 184.6788 182.5900  1.00268749 43025
INMARSAT 4-F1
1 28628U 05009A   26269.60323043  .00000040  00000-0  00000-0 0  9990
2 28628   5.3092  42.8102 0002993 152.3862 205.5159  1.00272105 78688
INMARSAT 4-F2
1 28899U 05044A   26270.21971074 -.00000252  00000-0  00000-0 0  9997
2 28899   5.2264  43.7156 0002777 150.7230  34.1961  1.00271140 76546
INMARSAT 4-F3
1 33278U 08039A   26270.20213414 -.00000133  00000-0  00000-0 0  9995
2 33278   4.3913  31.7731 0003410 175.3057 133.7205  1.00271112 47561
INMARSAT 4A-F4 (ALPHASAT)
1 39215U 13038A   26270.12498367  .00000141  00000-0  00000-0 0  9998
2 39215   3.0043   0.6227 0003860 199.0137 236.1670  1.00271704 45046
ASTROCAST
1 43798U 18099AS  26270.19056095  .00047345  00000-0  65751-3 0  9990
2 43798  97.4301 352.3640 0003886 195.7480 164.3655 15.56877113430268
JY1SAT (JO-97)
1 43803U 18099AX  26269.64847403  .00017791  00000-0  49891-3 0  9995
2 43803  97.4024 332.9932 0003833 261.0450  99.0360 15.36638824429190
SUOMI-100
1 43804U 18099AY  26269.15427353  .00012823  00000-0  43668-3 0  9997
2 43804  97.4083 329.2635 0007872 282.8695  77.1666 15.30506156428858
GEO-KOMPSAT-2A
1 43823U 18100A   26269.93162955 -.00000339  00000-0  00000-0 0  9991
2 43823   0.0477  18.3790 0001600 106.2499 344.7772  1.00273263 28655
UWE-4
1 43880U 18111E   26270.07341180  .00039024  00000-0  63354-3 0  9998
2 43880  97.5823 203.6327 0004408 343.3855  16.7252 15.52627297426550
METEOR M2-2
1 44387U 19038A   26270.24126527  .00000395  00000-0  19081-3 0  9992
2 44387  98.9253 259.0863 0002371  81.8631 278.2816 14.24389600375823
MOMENTUS-X1
1 44408U 19038Y   26270.13099188  .00065488  00000-0  40602-3 0  9993
2 44408  97.6609 325.5288 0004244 357.9303   2.1944 15.76844929402568
MERIDIAN-8
1 44453U 19046A   26268.41666102  .00000206  00000-0  00000-0 0  9998
2 44453  63.2197  37.7122 7100525 275.0793  14.6046  2.00612785 52352
TAURUS-1
1 44530U 19059C   26270.30234145  .00004881  00000-0  76828-3 0  9994
2 44530  98.6497  81.6039 0008370 357.4877   2.6285 14.72982202373673
GAOFEN 12-01
1 44819U 19082A   26270.27019699  .00000283  00000-0  43574-4 0  9996
2 44819  97.8151 273.9829 0002415  79.4618 280.6866 14.80525510369191
CAS-6 (TO-108)
1 44881U 19093C   26270.28798184  .00001042  00000-0  12322-3 0  9991
2 44881  97.7447 339.9857 0014926 108.9763 251.3072 14.86647256366582
ELEKTRO-L3
1 44903U 19095A   26270.26875271  .00000060  00000-0  00000-0 0  9995
2 44903   0.2063  78.0984 0002797  86.1892 329.7368  0.99409074 24734
DOSAAF-85 (RS-44)
1 44909U 19096E   26270.26378153  .00000005  00000-0 -16957-4 0  9991
2 44909  82.5164 271.8723 0216313 265.7018  91.9340 12.79749572315401
MERIDIAN-9
1 45254U 20015A   26270.15725948 -.00000028  00000-0  00000-0 0  9997
2 45254  65.5444 308.2886 6827105 276.1904  16.1370  2.00617056 48336
DEKART
1 46493U 20068H   26270.26097852  .00011430  00000-0  29407-3 0  9992
2 46493  97.8734 287.0119 0006626 284.3949  75.6559 15.39418221331463
NORBY
1 46494U 20068J   26270.31604030  .00021146  00000-0  34485-3 0  9998
2 46494  97.8574 295.5991 0004152 223.5626 136.5298 15.52631764332032
SALSAT (TUBSAT 22)
1 46495U 20068K   26270.27215049  .00006639  00000-0  22390-3 0  9994
2 46495  97.8879 279.6757 0007898 311.2845  48.7713 15.31066615330973
NETSAT-4
1 46504U 20068U   26269.77838219  .00017612  00000-0  34943-3 0  9998
2 46504  97.8591 286.4396 0003491 335.4471  24.6610 15.47085703331468
NETSAT-3
1 46505U 20068V   26269.79547572  .00016121  00000-0  33331-3 0  9994
2 46505  97.8650 284.5584 0003883 359.9785   0.1462 15.45901556331361
NETSAT-1
1 46506U 20068W   26269.78247740  .00010927  00000-0  30685-3 0  9995
2 46506  97.8775 277.6006 0005090  32.9340 327.2219 15.36727053330897
NETSAT-2
1 46507U 20068X   26269.77989061  .00018675  00000-0  33596-3 0  9996
2 46507  97.8600 286.7733 0003380  17.4832 342.6534 15.49892511331457
ARKTIKA-M1
1 47719U 21016A   26206.87236863 -.00000386  00000-0  00000+0 0  9994
2 47719  63.2598  51.9767 7301002 270.1217  14.4714  2.00607275 39564
UNISAT-7
1 47945U 21022P   26269.99484452  .00012977  00000-0  29636-3 0  9991
2 47945  97.3779 176.0973 0010559  71.3159 288.9234 15.42938562305540
CSS (TIANHE-1)
1 48274U 21035A   26269.87524670  .00012403  00000-0  15118-3 0  9999
2 48274  41.4683  64.5157 0001914 314.1424  45.9257 15.60301806309043
FENGYUN-4B
1 48808U 21047A   26270.28331277 -.00000325  00000-0  00000-0 0  9993
2 48808   0.4038  80.9363 0008162 278.9342 212.9238  1.00272932 19593
JILIN-01 GAOFEN 2F
1 49338U 21097A   26270.28236414  .00003203  00000-0  20965-3 0  9996
2 49338  97.6835  36.3461 0017134 236.4548 123.5044 15.08371467271706
TEIKYOSAT-4 (OORURI)
1 49396U 21102B   26270.06229296  .00001146  00000-0  74645-4 0  9992
2 49396  97.3617 295.5751 0010606 307.2662  52.7600 15.09802391268092
Z-SAT
1 49399U 21102E   26270.26447418  .00003440  00000-0  16757-3 0  9993
2 49399  97.3249 302.4937 0014602 248.2163 111.7519 15.18920519268931
KOSEN-1
1 49402U 21102H   26270.07435686  .00006025  00000-0  22235-3 0  9991
2 49402  97.3088 310.2882 0012678 199.2781 160.7981 15.28065154269579
CAMSAT XW-3 (CAS-9)
1 50466U 21131B   26270.30622185  .00000387  00000-0  13309-3 0  9990
2 50466  98.4978   2.1382 0004871 140.2066 219.9481 14.41433491249826
GOES-18
1 51850U 22021A   26270.30955615  .00000101  00000-0  00000-0 0  9999
2 51850   0.0158 295.9760 0000605 313.0723  91.5232  1.00273125  7610
MERIDIAN-10
1 52145U 22030A   26269.66137918  .00000193  00000-0  00000-0 0  9993
2 52145  62.6814 129.7774 6813365 272.8152  17.4757  2.00592355 33066
BRO-6
1 52422U 22047AE  26270.30050880  .00049944  00000-0  64895-3 0  9996
2 52422  97.3365   3.8781 0004460  58.9639 301.2055 15.58648205247015
STEP CUBELAB-II
1 52897U 22065D   26270.28969535  .00000644  00000-0  13373-3 0  9994
2 52897  98.2374  53.9732 0009757  68.3865 291.8376 14.63433230226431
RANDEV
1 52898U 22065E   26270.26358554  .00000733  00000-0  14966-3 0  9994
2 52898  98.2356  54.3444 0009101  68.5131 291.7041 14.63826414226188
SNUGLITE-II
1 52899U 22065F   26270.24782017  .00000719  00000-0  14485-3 0  9998
2 52899  98.2354  54.9963 0008555  67.8640 292.3470 14.64502228225938
MIMAN
1 52900U 22065G   26270.16850304  .00000379  00000-0  85289-4 0  9990
2 52900  98.2417  52.2324 0008753  71.1164 289.0986 14.61934353225347
GREENCUBE (IO-117)
1 53106U 22080B   25167.32760529 -.00000003  00000-0  00000-0 0  9996
2 53106  70.1560  65.9804 0008358  24.6429 335.4629  6.42557409 68669
ROBUSTA 1F (MTCUBE-2)
1 53109U 22080E   26269.03664585 -.00000003  00000-0  00000-0 0  9996
2 53109  70.1207 263.1631 0009208 267.9874  91.9731  6.42583779 98548
BLUEWALKER-3
1 53807U 22111AL  26269.56302022  .00006602  00000-0  17629-3 0  9997
2 53807  53.2276 277.6287 0006837 121.8551 238.3121 15.39369987225814
ELEKTRO-L4
1 55506U 23016A   26269.52477681 -.00000055  00000-0  00000-0 0  9999
2 55506   0.0791  63.3238 0002224 134.4341 162.2598  1.00270914 13354
SHARJAHSAT-1
1 55104U 23001CZ  26270.24759326  .00023666  00000-0  38153-3 0  9992
2 55104  97.3053 340.6308 0006483  94.6565 265.5429 15.52905144208317
METEOR M2-3
1 57166U 23091A   26270.25956291 -.00000007  00000-0  15541-4 0  9994
2 57166  98.5975 323.0930 0003144 220.4711 139.6234 14.24053160169043
RESHUCUBE-2 (RS37S)
1 57168U 23091C   26270.23811865  .00007857  00000-0  28943-3 0  9999
2 57168  97.4919 333.0761 0012355 106.0311 254.2290 15.28036648179834
RASSVET 1-1
1 57169U 23091D   26270.22555395  .00007334  00000-0  29138-3 0  9999
2 57169  97.5003 332.0163 0011353 102.9011 257.3495 15.25563593179713
RASSVET 1-2
1 57170U 23091E   26270.22567663  .00007270  00000-0  28894-3 0  9999
2 57170  97.5009 332.1015 0010336  95.7095 264.5322 15.25562589179712
RASSVET 1-3
1 57171U 23091F   26270.22526831  .00007367  00000-0  29259-3 0  9995
2 57171  97.5005 332.0463 0012055 111.9274 248.3247 15.25564165179713
UMKA-1 (RS40S)
1 57172U 23091G   26270.24126055  .00005485  00000-0  24425-3 0  9991
2 57172  97.4940 328.5539 0013867 120.1813 240.0798 15.21786195179522
SATURN (RS43S)
1 57174U 23091J   26270.28498179  .00003215  00000-0  17784-3 0  9995
2 57174  97.4943 321.9046 0013906 149.2704 210.9345 15.14500848179088
CUBEBEL-2 (EU11S)
1 57175U 23091K   26270.25652262  .00011676  00000-0  38756-3 0  9990
2 57175  97.4944 334.4882 0010678 111.6663 248.5717 15.31335509179918
SITRO-AIS-5 (ANOKHIN)
1 57176U 23091L   26270.25962549  .00011534  00000-0  38096-3 0  9993
2 57176  97.4956 335.2206 0012144 100.9348 259.3260 15.31483699179953
ZORKIY-2M
1 57177U 23091M   26270.28292824  .00005745  00000-0  25399-3 0  9998
2 57177  97.4981 328.9428 0014368 117.4380 242.8319 15.22007258179524
CUBESX-HSE-3 (RS42S)
1 57178U 23091N   26270.23901537  .00012038  00000-0  37382-3 0  9990
2 57178  97.4990 337.2242 0011380  91.1288 269.1258 15.33460222180058
PHI-DEMO
1 57181U 23091R   26270.22229979  .00002597  00000-0  14234-3 0  9996
2 57181  97.4954 322.7915 0015971 140.2202 220.0205 15.14979376179139
MONITOR-3 (RS58S)
1 57180U 23091Q   26270.24292094  .00009572  00000-0  33553-3 0  9990
2 57180  97.4979 334.5075 0012580  99.3821 260.8842 15.29599233179884
NORBY-2
1 57179U 23091P   26270.27164253  .00003102  00000-0  15933-3 0  9991
2 57179  97.4981 325.2376 0015920 127.5798 232.6884 15.17142039179264
MONITOR-4 (RS57S)
1 57182U 23091S   26270.28145541  .00009464  00000-0  33084-3 0  9999
2 57182  97.4972 334.5235 0012552  99.4880 260.7779 15.29692662179891
MONITOR-2 (RS39S)
1 57184U 23091U   26270.26542151  .00004114  00000-0  19563-3 0  9990
2 57184  97.4961 327.8809 0012451 114.4712 245.7823 15.19686783179454
SVYATOBOR-1 (RS60S)
1 57187U 23091X   26270.26074595  .00008295  00000-0  30505-3 0  9998
2 57187  97.4985 334.6910 0010543  93.5564 266.6881 15.28096052179892
VIZARD-METEO (RS38S)
1 57189U 23091Z   26270.26149109  .00017006  00000-0  44197-3 0  9996
2 57189  97.4997 341.9577 0007730  71.5482 288.6603 15.38983893180376
SITRO-AIS-6 (CHIRKIN)
1 57192U 23091AC  26270.22409346  .00008885  00000-0  33135-3 0  9993
2 57192  97.4963 333.7339 0012555 106.0181 254.2442 15.27588915179854
SITRO-AIS-8 (SHCHUKIN)
1 57193U 23091AD  26270.28039579  .00013861  00000-0  41508-3 0  9990
2 57193  97.4956 337.2789 0011007  97.1071 263.1424 15.34581831180099
SITRO-AIS-7 (SHEFFER)
1 57194U 23091AE  26270.24958722  .00009141  00000-0  34451-3 0  9992
2 57194  97.4958 333.5267 0012494 107.0196 253.2413 15.27232528179849
AVION KALUGA 650 (RS24S)
1 57195U 23091AF  26270.27747068  .00004487  00000-0  20371-3 0  9999
2 57195  97.4978 329.4424 0011629 111.7169 248.5305 15.21248157179545
SITRO-AIS-10 (KATYS)
1 57199U 23091AK  26270.23605010  .00021890  00000-0  51074-3 0  9990
2 57199  97.4988 343.4318 0006835  72.1717 288.0275 15.42217312180471
SITRO-AIS-9 (BURDAEV)
1 57201U 23091AM  26270.23346088  .00019925  00000-0  47467-3 0  9998
2 57201  97.4986 343.0707 0007129  72.7339 287.4687 15.41607135180457
UTMN-2 (RS27S)
1 57203U 23091AP  26270.26765426  .00012827  00000-0  38852-3 0  9996
2 57203  97.4991 339.0101 0008660  80.7410 279.4812 15.34263055180180
SITRO-AIS-12 (FARTUSHNY)
1 57204U 23091AQ  26270.26892657  .00020506  00000-0  48331-3 0  9990
2 57204  97.5000 343.6410 0006651  67.5071 292.6879 15.41928067180483
AHMAT-1 (RS41S)
1 57206U 23091AS  26270.19348268  .00429207  74064-4  12220-2 0  9991
2 57206  97.4887 358.0460 0005189 266.6897  93.3783 15.93271705181449
SITRO-AIS-11 (SMIRENNY)
1 57208U 23091AU  26270.25137516  .00020890  00000-0  48386-3 0  9995
2 57208  97.4998 343.9412 0006595  67.2653 292.9290 15.42447194180508
KUZGTU-1 (RS47S)
1 57217U 23091AV  26270.26200473  .00011722  00000-0  38225-3 0  9994
2 57217  97.4961 335.8726 0011743  95.2549 265.0033 15.31894641179990
METEOR M2-4
1 59051U 24039A   26270.31964598  .00000000  00000-0  19563-4 0  9998
2 59051  98.7141 228.3895 0006088 229.4091 130.6557 14.22438489133782
PARS-1
1 59065U 24039Q   26270.27485009  .00010493  00000-0  20461-3 0  9998
2 59065  97.4933 254.6260 0011058 101.7816 258.4675 15.47649703144424
SITRO-AIS-25
1 59066U 24039R   26270.26365558  .00002845  00000-0  22079-3 0  9993
2 59066  95.3800 305.2015 0142030 331.6714  27.6839 14.94101912139969
SITRO-AIS-26
1 59067U 24039S   26270.27953216  .00002531  00000-0  19772-3 0  9997
2 59067  95.3798 305.0883 0142439 332.2769  27.0913 14.93880118139954
SITRO-AIS-27
1 59068U 24039T   26270.28742189  .00002771  00000-0  21423-3 0  9996
2 59068  95.3797 305.4137 0141440 330.5995  28.7326 14.94317179139985
SITRO-AIS-28
1 59071U 24039U   26270.26253104  .00002886  00000-0  22283-3 0  9994
2 59071  95.3803 305.4495 0141262 330.5789  28.7537 14.94354311139980
SONATE-2
1 59112U 24043Q   26269.89089169  .00050263  00000-0  47042-3 0  9992
2 59112  97.5626  67.2288 0005294 182.8689 177.2541 15.67091201143771
HORS-1
1 57188U 23091Y   26270.23771245  .00008206  00000-0  30045-3 0  9993
2 57188  97.4962 334.4195 0009980  93.2322 267.0059 15.28249803179899
HORS-2
1 57196U 23091AG  26270.24874117  .00013159  00000-0  39958-3 0  9990
2 57196  97.4990 338.7813 0008804  84.8525 275.3722 15.34174771180167
ZORKIY-2M 6
1 59774U 24092B   26270.35509782  .00009453  00000-0  32407-3 0  9995
2 59774  97.6624  42.4586 0008481 174.3101 185.8237 15.30381390131153
ZORKIY-2M 4
1 59775U 24092C   26270.35256593  .00009448  00000-0  31650-3 0  9998
2 59775  97.6771  44.6210 0008492 176.5014 183.6288 15.31129733131204
SITRO-AIS-53
1 59776U 24092D   26269.34885394  .00023222  00000-0  57463-3 0  9999
2 59776  97.6707  46.9568 0006873 143.4777 216.6938 15.40429081131304
SITRO-AIS-54
1 59777U 24092E   26270.08353205  .00019488  00000-0  48377-3 0  9997
2 59777  97.6710  47.6696 0006950 140.9479 219.2269 15.40368803131418
SITRO-AIS-56
1 59778U 24092F   26270.13472890  .00022639  00000-0  54471-3 0  9990
2 59778  97.6704  48.1740 0007137 140.2998 219.8772 15.41283153131459
RASSVET 1-4
1 59779U 24092G   26270.31817289  .00000103  00000-0  55340-4 0  9995
2 59779  98.6813  29.3082 0010807 267.7465  92.2481 14.31874483123512
RASSVET 1-5
1 59780U 24092H   26270.31788235  .00000111  00000-0  58039-4 0  9992
2 59780  98.6812  29.2996 0011145 269.1350  90.8556 14.31878911123518
RASSVET 1-6
1 59781U 24092J   26270.31640296  .00000114  00000-0  59153-4 0  9998
2 59781  98.6812  29.3040 0011030 269.3391  90.6529 14.31879193123511
SITRO-AIS-55
1 59809U 24092K   26269.31197248  .00023593  00000-0  59133-3 0  9994
2 59809  97.6696  46.6171 0007094 143.5625 216.6104 15.40033712130782
MESAT-1
1 60209U 24125G   26270.04085681  .00113812  00000-0  66786-3 0  9992
2 60209  97.2078 130.7366 0006895 172.6584 187.4785 15.77925030125545
ISTSAT-1
1 60238U 24128D   26270.28345542  .00005383  00000-0  31685-3 0  9991
2 60238  61.9878 204.8276 0023336 150.6527 209.5885 15.12666680121903
IONOSFERA-M 01
1 61735U 24199A   26270.23613125  .00000039  00000-0  36935-4 0  9999
2 61735  98.6993 142.2510 0001031 139.8185 220.3069 14.22769982142215
IONOSFERA-M 02
1 61736U 24199B   26270.27019643  .00000048  00000-0  40811-4 0  9997
2 61736  98.6991 142.1944 0001768  59.1594 300.9758 14.22773348145347
SITRO-AIS-16
1 61737U 24199C   26270.23668384  .00002131  00000-0  18487-3 0  9994
2 61737  97.3192 103.2135 0008604  81.0534 279.1663 14.98016922147098
SITRO-AIS-15
1 61738U 24199D   26270.28662673  .00002811  00000-0  24230-3 0  9993
2 61738  97.3178 103.3015 0008286  83.9261 276.2906 14.98023456147105
SITRO-AIS-21
1 61739U 24199E   26270.25580892  .00001711  00000-0  15897-3 0  9990
2 61739  97.3205 101.3534 0013806  79.9650 280.3129 14.95507356147007
SITRO-AIS-22
1 61740U 24199F   26270.23200946  .00002161  00000-0  19549-3 0  9997
2 61740  97.3210 101.6735 0014251  79.0554 281.2271 14.96302784147175
SITRO-AIS-24
1 61741U 24199G   26270.26721747  .00002011  00000-0  18123-3 0  9999
2 61741  97.3198 101.7887 0013680  80.3211 279.9556 14.96541201147157
SITRO-AIS-23
1 61742U 24199H   26270.28447364  .00002660  00000-0  23947-3 0  9992
2 61742  97.3204 101.7555 0014070  80.4110 279.8702 14.96325140147032
SITRO-AIS-13
1 61743U 24199J   26270.25661919  .00001794  00000-0  15522-3 0  9991
2 61743  97.3171 103.4734 0007232  80.3227 279.8813 14.98303052147273
CSTP-2.11
1 61744U 24199K   26270.24814419  .00037168  00000-0  49652-3 0  9991
2 61744  97.2753 147.3211 0004074 250.7995 109.2821 15.57970093150227
POLYTECH UNIVERSE-5 (RS70S)
1 61745U 24199L   26270.25903390  .00117420  00000-0  76313-3 0  9994
2 61745  97.2725 151.8417 0002503 177.3440 182.7839 15.75613670153671
COLIBRI-S (RS67S)
1 61746U 24199M   26270.27380715  .00024146  00000-0  40455-3 0  9997
2 61746  97.2770 145.2534 0005174 268.3434  91.7226 15.51833227153226
POLYTECH UNIVERSE-4 (RS71S)
1 61747U 24199N   26270.23206563  .00019341  00000-0  35857-3 0  9993
2 61747  97.2810 144.1214 0006103 264.6348  95.4207 15.48996700153144
SITRO-AIS-44
1 61748U 24199P   26270.24883248  .00674515  21968-3  10915-2 0  9992
2 61748  97.2531 155.0866 0005396 159.6871 200.4625 16.03466625153902
VIZARD-ION (RS68S)
1 61749U 24199Q   26270.27747267  .00051537  00000-0  57299-3 0  9997
2 61749  97.2778 149.0226 0002879 230.2920 129.8085 15.62735961153475
MTUSI-1
1 61750U 24199R   26270.26619410  .00049452  00000-0  54539-3 0  9993
2 61750  97.2757 148.4575 0002697 254.0428 106.0533 15.62952877153459
VLADIVOSTOK-1
1 61751U 24199S   26270.26249957  .00008585  00000-0  22879-3 0  9993
2 61751  97.2814 138.9877 0007597 306.7519  53.3029 15.38381511152821
SITRO-AIS-14
1 61752U 24199T   26270.26232159  .00001938  00000-0  16828-3 0  9992
2 61752  97.3170 103.3282 0007235  81.8795 278.3249 14.98081043150407
HORS-3 (RS81S)
1 61753U 24199U   26270.23559637  .00049127  00000-0  54894-3 0  9990
2 61753  97.2777 148.5535 0002381 243.2813 116.8202 15.62617821153458
HORS-4 (RS82S)
1 61754U 24199V   26270.22880660  .00087583  00000-0  68643-3 0  9998
2 61754  97.2705 150.6543 0002246 198.2022 161.9161 15.71304053153606
SITRO-AIS-43
1 61755U 24199W   26270.09602841  .01024430  62659-3  11225-2 0  9994
2 61755  97.2691 155.3675 0005681 177.8324 182.2985 16.09872514153900
SITRO-AIS-42
1 61756U 24199X   26270.08462793  .00430882  78869-4  97392-3 0  9996
2 61756  97.2581 154.9044 0003444 140.6453 219.5075 15.97596978153873
SITRO-AIS-20
1 61758U 24199Z   26270.22464523  .00003092  00000-0  26375-3 0  9997
2 61758  97.3177 103.4927 0008134  85.6387 274.5766 14.98370316150412
SITRO-AIS-19
1 61759U 24199AA  26270.22982254  .00002903  00000-0  24806-3 0  9991
2 61759  97.3184 103.4901 0008151  85.6206 274.5949 14.98348672150415
SITRO-AIS-41
1 61760U 24199AB  26270.25270112  .00473855  96539-4  10381-2 0  9995
2 61760  97.2618 154.7868 0004948 152.6708 207.4831 15.98153156153871
NORBY-3
1 61761U 24199AC  26270.24656931  .00061026  00000-0  59817-3 0  9997
2 61761  97.2694 149.5449 0002181 209.6648 150.4489 15.65907123153530
SIT-HSE
1 61763U 24199AE  26270.22104504  .00049522  00000-0  60931-3 0  9997
2 61763  97.2771 148.5776 0001488 238.3025 121.8087 15.60105354153455
SIT-2086
1 61764U 24199AF  26270.27315479  .00051392  00000-0  61756-3 0  9992
2 61764  97.2730 148.7122 0003509 220.3414 139.7583 15.60712190150310
HOD-HOD
1 61768U 24199AK  26270.22852412  .00022724  00000-0  35324-3 0  9993
2 61768  97.2778 146.4469 0002678 279.0016  81.0934 15.53943853150166
KOSAR
1 61769U 24199AL  26270.24549166  .00041112  00000-0  49546-3 0  9998
2 61769  97.2734 148.4555 0001285 236.2949 123.8186 15.60688813150300
SITRO-AIS-48
1 61771U 24199AN  26270.27210211  .00087029  00000-0  75065-3 0  9992
2 61771  97.2708 149.2612 0002721 250.4060 109.6909 15.68984834150377
SITRO-AIS-47
1 61773U 24199AQ  26270.24237815  .00088725  00000-0  71965-3 0  9999
2 61773  97.2684 149.5745 0002149 234.4783 125.6279 15.70475112150397
SITRO-AIS-46
1 61774U 24199AR  26270.08020239  .00103619  00000-0  72403-3 0  9990
2 61774  97.2652 150.1498 0001731 221.4419 138.6714 15.73973892150427
CSTP-2.2
1 61775U 24199AS  26270.23412308  .00015803  00000-0  31070-3 0  9992
2 61775  97.2798 143.0648 0011522 265.9259  94.0674 15.47293762149937
SITRO-AIS-40
1 61776U 24199AT  26270.28205312  .00118981  00000-0  80180-3 0  9990
2 61776  97.2658 150.5077 0001667 214.7198 145.3959 15.74772569153618
CSTP-2.1
1 61777U 24199AU  26270.23272499  .00018622  00000-0  34454-3 0  9990
2 61777  97.2800 143.5169 0011530 261.8290  98.1653 15.49009759149963
SITRO-AIS-39
1 61778U 24199AV  26270.27015696  .00085964  00000-0  74485-3 0  9990
2 61778  97.2676 149.0323 0002329 240.9541 119.1488 15.68877651150362
ALTAIR (RS65S)
1 61779U 24199AW  26270.26671859  .00010765  00000-0  28282-3 0  9990
2 61779  97.2851 138.9787 0010513 303.6843  56.3400 15.38730506152806
SITRO-AIS-37
1 61780U 24199AX  26270.11056283  .00087296  00000-0  69204-3 0  9996
2 61780  97.2701 149.5372 0002415 240.3194 119.7829 15.71030258150371
ASRTU-1 (RS64S/BJ2CR)
1 61781U 24199AY  26270.22658623  .00007064  00000-0  19700-3 0  9996
2 61781  97.2819 137.9811 0011827 307.2519  52.7646 15.37001899149598
SAMSAT-IONOSPHERE (RS75S)
1 61784U 24199BB  26270.27316438  .00077878  00000-0  69548-3 0  9994
2 61784  97.2729 149.1867 0003736 242.0428 118.0456 15.68158063153503
RTU MIREA-1 (RS51S)
1 61785U 24199BC  26270.03100850  .00116329  00000-0  75071-3 0  9991
2 61785  97.2705 150.5394 0002981 213.4428 146.6650 15.75778327150422
SITRO-AIS-38
1 61786U 24199BD  26270.27351883  .00036041  00000-0  54227-3 0  9994
2 61786  97.2737 145.8534 0004992 276.3904  83.6782 15.54743731150145
2024-199BE (? SWSU-60)
1 61787U 24199BE  26270.25133631  .00008648  00000-0  23265-3 0  9992
2 61787  97.2826 138.4580 0011151 304.3747  55.6442 15.38056962152774
SITRO-AIS-45
1 61788U 24199BF  26270.26271898  .00087062  00000-0  73902-3 0  9992
2 61788  97.2670 149.1618 0002120 238.7248 121.3807 15.69376721150355
SITRO-AIS-17
1 61789U 24199BG  26270.28250704  .00002583  00000-0  22111-3 0  9999
2 61789  97.3169 103.6028 0007857  90.8338 269.3786 14.98369846147322
SITRO-AIS-18
1 61790U 24199BH  26270.23202645  .00002762  00000-0  23624-3 0  9996
2 61790  97.3188 103.4929 0008165  86.3161 273.8996 14.98337303147315
INNOCUBE (TUBSAT-31)
1 62616U 25009H   26269.78048843  .00006664  00000-0  24862-3 0  9991
2 62616  97.3843 348.7565 0005065 348.8082  11.3044 15.27730418 94323
OTP-2
1 63235U 25052AB  26269.69600369  .00006657  00000-0  26805-3 0  9995
2 63235  97.3710 160.6131 0006775 149.4138 210.7496 15.25177195 85332
PADRE
1 64559U 25135AH  26269.57257519  .00001192  00000-0  12090-3 0  9999
2 64559  97.7806  21.9904 0000587 327.6977  32.4207 14.92756760 68979
IONOSFERA-M 03
1 64876U 25155A   26270.30893731  .00000026  00000-0  31683-4 0  9993
2 64876  98.6163 229.6999 0000444 346.0476  14.0690 14.21500955 60912
IONOSFERA-M 04
1 64877U 25155B   26270.27321294  .00000031  00000-0  33991-4 0  9990
2 64877  98.6156 229.5815 0000497  72.5537 287.5695 14.21503564 60908
INNOSAT16 (RS92S7)
1 64878U 25155C   26270.23340542  .00004907  00000-0  19105-3 0  9990
2 64878  97.4700 237.1810 0010219 175.2596 184.8741 15.26422195 96232
GEOSCAN-6 (RS92S6)
1 64879U 25155D   26270.26874771  .00009755  00000-0  31869-3 0  9997
2 64879  97.4685 239.4199 0007993 159.1902 200.9666 15.31924777 96388
GEOSCAN 1 (RS92S1)
1 64880U 25155E   26270.22608489  .00009956  00000-0  31765-3 0  9994
2 64880  97.4679 239.6250 0007909 158.5451 201.6124 15.32678230 96391
239ALFEROV (RS61S)
1 64881U 25155F   26270.22432503  .00014103  00000-0  41021-3 0  9993
2 64881  97.4673 240.5744 0007599 155.5362 204.6244 15.35524375 96454
CSTP-4.3
1 64882U 25155G   26270.23296963  .00008248  00000-0  27711-3 0  9996
2 64882  97.4711 239.2765 0007498 160.5651 199.5877 15.31074509 96360
CSTP-4.2
1 64883U 25155H   26270.23289366  .00008160  00000-0  27415-3 0  9990
2 64883  97.4701 239.2398 0007674 155.6008 204.5597 15.31077587 96364
CSTP-4.4
1 64884U 25155J   26270.23262217  .00008360  00000-0  28083-3 0  9991
2 64884  97.4697 239.2267 0008302 151.1547 209.0154 15.31069365 96366
ASTROLINE-N3
1 64886U 25155L   26270.20586508  .00040506  00000-0  76993-3 0  9993
2 64886  97.4561 243.7222 0008003 131.4489 228.7450 15.48118604 96684
ASTROLINE-N2
1 64888U 25155N   26270.24998276  .00039428  00000-0  74486-3 0  9994
2 64888  97.4570 243.8576 0007908 130.4051 229.7890 15.48301959 96693
GEOSCAN 2 (RS92S2)
1 64890U 25155Q   26270.26817376  .00010673  00000-0  33774-3 0  9996
2 64890  97.4679 239.8586 0007767 145.5032 214.6715 15.32924106 96418
GEOSCAN-5 (RS92S5)
1 64891U 25155R   26270.25861392  .00014501  00000-0  41794-3 0  9998
2 64891  97.4666 240.7837 0006463 156.2819 203.8724 15.35815201 96473
GEOSCAN-4 (RS92S4)
1 64892U 25155S   26270.23091690  .00014326  00000-0  41030-3 0  9991
2 64892  97.4672 240.8388 0006336 155.9573 204.1968 15.36015318 96471
GEOSCAN-3 (RS92S3)
1 64893U 25155T   26270.27317234  .00019171  00000-0  50278-3 0  9998
2 64893  97.4656 241.6550 0006369 152.8289 207.3291 15.38687254 96537
INNOSAT3 (RS92S0)
1 64894U 25155U   26270.21583716  .00052700  00000-0  88310-3 0  9996
2 64894  97.4594 244.7900 0006438 137.9123 222.2625 15.51660485 96742
CSTP-4.1
1 64895U 25155V   26270.16742290  .00008561  00000-0  28747-3 0  9999
2 64895  97.4706 239.1867 0007559 159.6521 200.5023 15.31080014 96345
POLYTECH UNIVERSE-3 (RS46S)
1 57191U 23091AB  26270.27824743  .00004075  00000-0  19233-3 0  9999
2 57191  97.4936 327.3989 0016435 130.2114 230.0562 15.19908467179459
CSTP-1.1
1 57202U 23091AN  26270.27826522  .00004057  00000-0  19185-3 0  9995
2 57202  97.5005 328.5107 0010795 111.0855 249.1535 15.19908185179466
CSTP-1.2
1 57186U 23091W   26270.22593506  .00007968  00000-0  27280-3 0  9993
2 57186  97.5050 337.5375 0019064  92.7855 267.5567 15.30327869180050
MULE-4T
1 67286U 25313AQ  26269.78291014  .00006588  00000-0  26174-3 0  9990
2 67286  97.3857 343.3969 0009168   6.7329 353.4031 15.25612847 41452
SCORPION (RS89S)
1 67293U 25313AX  26269.71404623  .00003149  00000-0  13497-3 0  9997
2 67293  97.3858 342.8874 0010634   0.3768 359.7475 15.23443748 41414
GALAPAGOS-UTE-SWSU
1 67279U 25313AH  26269.75451516  .00006154  00000-0  25655-3 0  9996
2 67279  97.3844 342.7988 0013802  13.5506 346.6099 15.23973187 41416
SAKHACUBE-CHOLBON (RS18S)
1 67290U 25313AU  26270.27620938  .00008939  00000-0  34473-3 0  9995
2 67290  97.3851 344.1025 0008666   5.6982 354.4353 15.26508347 41546
LUCA-1 (RS90S)
1 67287U 25313AR  26270.26112248  .00007543  00000-0  29553-3 0  9993
2 67287  97.3855 343.9747 0009059   6.2001 353.9348 15.26033677 41536
QMR-KWT-2 (RS95S)
1 67291U 25313AV  26270.01439178  .00012054  00000-0  43446-3 0  9995
2 67291  97.3851 344.2894 0007989   3.5001 356.6294 15.28665579 41538
LOBACHEVSKY (RS83S)
1 67284U 25313AN  26269.78325554  .00004126  00000-0  17449-3 0  9996
2 67284  97.3842 342.8881 0010531  11.4825 348.6650 15.23720891 41428
NASBSAT-1
1 67289U 25313AT  26270.25023056  .00011537  00000-0  42168-3 0  9997
2 67289  97.3853 344.4405 0008411   4.0647 356.0660 15.28214250 41560
NASBSAT-2
1 67285U 25313AP  26269.92183662  .00004984  00000-0  20365-3 0  9998
2 67285  97.3840 343.2942 0010024  11.5216 348.6249 15.24787170 41464
HORS-5
1 67283U 25313AM  26270.02305500  .00005928  00000-0  23924-3 0  9999
2 67283  97.3857 343.5303 0009895   9.0346 351.1068 15.25127580 41488
AIST-2T 2
1 67253U 25313F   26269.73943425  .00019937  00000-0  24113-3 0  9992
2 67253  97.0757 347.1713 0004670 209.7495 150.3498 15.60717229 42465
AIST-2T 1
1 67254U 25313G   26269.77196450  .00013604  00000-0  16485-3 0  9993
2 67254  97.0761 347.1253 0004410 181.0528 179.0722 15.60750314 42450
AIST-ST (RS86S)
1 67267U 25313V   26270.24793099  .00008901  00000-0  34985-3 0  9992
2 67267  97.3859 343.7089 0013283  16.1816 343.9844 15.25828884 41512
KOWSAR 1.5
1 67264U 25313S   26270.16205891  .00005576  00000-0  23718-3 0  9995
2 67264  97.3942 343.3569 0014779  17.9649 342.2107 15.23324358 41468
PAYA
1 67255U 25313H   26270.14676955  .00001275  00000-0  83787-4 0  9991
2 67255  97.2755 332.6363 0067647 345.0433  14.8794 15.07482794 41016
GRIFON-1
1 67281U 25313AK  26270.17254736  .00004346  00000-0  18554-3 0  9993
2 67281  97.3798 342.9928 0011757  10.4336 349.7143 15.23357654 41472
GRIFON-2
1 67272U 25313AA  26269.98267479  .00008151  00000-0  32351-3 0  9997
2 67272  97.3852 343.4501 0013726  12.6666 347.4915 15.25522998 41473
GRIFON-3
1 67280U 25313AJ  26269.99256582  .00004064  00000-0  17414-3 0  9992
2 67280  97.3916 343.1865 0013027  11.1061 349.0461 15.23257346 41441
GRIFON-4
1 67261U 25313P   26269.72050434  .00015775  00000-0  55361-3 0  9994
2 67261  97.3893 344.0658 0012179   6.6895 353.4505 15.29435009 41487
MARAFON
1 67250U 25313C   26270.14211358  .00006978  00000-0  59085-3 0  9996
2 67250  97.6090 337.0797 0146540 358.7658   1.3177 14.90284730 40530
MORSAT (RS96S)
1 67262U 25313Q   26270.17983330  .00008903  00000-0  35289-3 0  9998
2 67262  97.3856 343.6385 0013694  16.8473 343.3218 15.25538845 41507
MARAFON-EXPERIMENTAL
1 67251U 25313D   26270.16591276  .00001464  00000-0  12912-3 0  9992
2 67251  97.5588 336.1347 0147260 348.7098  11.0828 14.90024707 40582
CORAL
1 67685U 98067YC  26270.03462137  .00090668  00000-0  59550-3 0  9991
2 67685  51.6215 135.5785 0009444 215.6371 144.3998 15.74903553 36261
KNACKSAT-2
1 67683U 98067XZ  26267.92070287  .00083919  00000-0  67771-3 0  9999
2 67683  51.6256 149.2567 0008507 206.5012 153.5551 15.70081651 35891
ELEKTRO-L5
1 67756U 26028A   26269.77323503  .00000000  00000-0  00000-0 0  9994
2 67756   0.0180  68.0814 0001606 104.8347 187.0862  1.00269794  2269
RASSVET-3 1
1 68360U 26061A   26270.02856748  .00002064  00000-0  98764-4 0  9995
2 68360  82.2867 268.2189 0001879  62.3694 297.7730 15.18465525 29029
RASSVET-3 2
1 68361U 26061B   26270.23975669  .00002179  00000-0  10117-3 0  9995
2 68361  82.2879 266.6276 0002653 110.4769 249.6750 15.19535195 29144
RASSVET-3 3
1 68362U 26061C   26270.27929521  .00002707  00000-0  13010-3 0  9998
2 68362  82.2917 270.1193 0001070 200.6677 159.4514 15.18439944 28934
RASSVET-3 5
1 68364U 26061E   26269.95632766  .00002525  00000-0  12124-3 0  9998
2 68364  82.2923 271.2891 0001673  63.8771 296.2634 15.18438091 28837
RASSVET-3 6
1 68365U 26061F   26270.28142222  .00002689  00000-0  12912-3 0  9996
2 68365  82.2903 270.5889 0001267 144.6163 215.5154 15.18471146 28904
RASSVET-3 7
1 68366U 26061G   26270.28359365  .00002686  00000-0  12902-3 0  9991
2 68366  82.2900 269.9393 0002742 134.6135 225.5322 15.18455103 28948
RASSVET-3 8
1 68367U 26061H   26270.30081184  .00002038  00000-0  95058-4 0  9991
2 68367  82.2879 267.3637 0004144 109.2409 250.9274 15.19333089 29103
RASSVET-3 9
1 68368U 26061J   26270.29004220  .00002428  00000-0  11642-3 0  9995
2 68368  82.2885 268.1526 0002511  11.1377 348.9911 15.18471426 29055
RASSVET-3 10
1 68369U 26061K   26270.24175041  .00002862  00000-0  13322-3 0  9990
2 68369  82.2823 262.3465 0002316 104.3787 255.7704 15.19562837 29412
RASSVET-3 11
1 68370U 26061L   26270.25688046  .00027767  00000-0  27558-3 0  9994
2 68370  82.2863 259.9069 0005210 112.5201 247.6610 15.65600842 29560
RASSVET-3 12
1 68371U 26061M   26270.22200347  .00002675  00000-0  12851-3 0  9997
2 68371  82.2906 270.6605 0002647  63.7862 296.3643 15.18437975 28891
RASSVET-3 13
1 68372U 26061N   26270.29890702  .00002118  00000-0  98672-4 0  9993
2 68372  82.2918 270.1821 0000384 172.9844 187.1396 15.19410071 28935
RASSVET-3 14
1 68373U 26061P   26270.25135781  .00032827  00000-0  24927-3 0  9990
2 68373  82.2875 259.4338 0012317 101.1589 259.1059 15.72046375 29590
RASSVET-3 15
1 68374U 26061Q   26270.30327709  .00002264  00000-0  10538-3 0  9995
2 68374  82.2911 267.0945 0000237 103.9346 256.1914 15.19465780 29122
RASSVET-3 16
1 68375U 26061R   26270.29437408  .00002226  00000-0  10660-3 0  9996
2 68375  82.2887 268.1664 0002522  61.3437 298.8049 15.18471056 29058
HADES-SA (SPINNYONE)
1 68446U 26067AG  26268.63831681  .00022814  00000-0  99408-3 0  9999
2 68446  97.4503 225.7101 0008949  86.5680 273.6580 15.22167672 27198
RASSVET-3 17
1 A0083U 26165A   26270.24843844  .00192653  14261-4  32686-3 0  9997
2 A0083  82.2961 151.8857 0019956 153.2211 207.0103 16.02182606 11053
RASSVET-3 18
1 A0084U 26165B   26269.82934960 -.00260437  00000-0 -58978-2 0  9991
2 A0084  82.2985 154.8881 0007503 147.0277 213.1440 15.44076645 10835
RASSVET-3 19
1 A0085U 26165C   26269.78735245 -.00344208  00000-0 -10319-1 0  9997
2 A0085  82.3000 154.9881 0008187 113.1879 247.0227 15.35868610 10826
RASSVET-3 20
1 A0086U 26165D   26269.77017622 -.00428624  00000-0 -82594-2 0  9999
2 A0086  82.3010 154.4849 0008992   8.4718 351.6682 15.49343590 10859
RASSVET-3 21
1 A0087U 26165E   26269.67033709 -.00258411  00000-0 -31033-2 0  9990
2 A0087  82.3007 154.5044 0009276 131.2307 228.9751 15.61621150 10846
RASSVET-3 22
1 A0088U 26165F   26269.77743602 -.00194402  00000-0 -67167-2 0  9998
2 A0088  82.2990 155.2964 0008908 132.3939 227.8057 15.30746081 10800
RASSVET-3 23
1 A0089U 26165G   26270.24424336  .00900271  41092-3  14218-2 0  9998
2 A0089  82.2937 151.8735 0018719 154.2527 205.9689 16.03574011 11056
RASSVET-3 24
1 A0090U 26165H   26269.81215293 -.00261281  00000-0 -43896-2 0  9999
2 A0090  82.2997 154.5412 0009476 158.1756 201.9902 15.52616563 10856
RASSVET-3 25
1 A0091U 26165J   26269.82810564 -.00451458  00000-0 -11372-1 0  9993
2 A0091  82.3014 154.8929 0006662 160.9379 199.2118 15.41631640 10837
RASSVET-3 26
1 A0092U 26165K   26269.84099825  .00086587  15872-5  24020-3 0  9994
2 A0092  82.2973 152.7645 0015183 146.6519 213.5714 15.93463894 10965
RASSVET-3 27
1 A0093U 26165L   26269.78642268 -.00470413  00000-0 -12575-1 0  9992
2 A0093  82.2993 154.8259 0007469 132.7406 227.4469 15.39901124 10831
RASSVET-3 28
1 A0094U 26165M   26269.73808097 -.00333039  00000-0 -57003-2 0  9990
2 A0094  82.2991 154.4329 0009592 158.4110 201.7548 15.52339486 10856
RASSVET-3 29
1 A0095U 26165N   26269.78105951 -.00321807  00000-0 -13038-1 0  9994
2 A0095  82.3008 155.6256 0003777 171.2245 188.9059 15.26121089 10784
RASSVET-3 30
1 A0096U 26165P   26269.83607144 -.00433049  00000-0 -14433-1 0  9994
2 A0096  82.3017 155.2296 0001051  10.2912 349.8351 15.32950246 10810
RASSVET-3 31
1 A0097U 26165Q   26269.85061973 -.00450467  00000-0 -12132-1 0  9998
2 A0097  82.2986 154.7550 0007318 277.0304  83.0109 15.39597401 10840
RASSVET-3 32
1 A0098U 26165R   26269.82950885 -.00377651  00000-0 -12377-1 0  9999
2 A0098  82.2985 154.8724 0001615 107.7951 252.3467 15.33251824 10832
0 NEMO-HD
1 46277U 20061F   26271.26812948  .00006940  00000-0  14199-3 0  9999
2 46277  97.1805 332.2483 0002098  72.6059 287.5421 15.46429921337905
0 OBJECT G
1 44885U 19093G   26271.25849089  .00004786  00000-0  34308-3 0  9990
2 44885  97.7936   6.3076 0013139  83.2543 277.0178 15.04782291368149
0 RANGE A
1 43773U 18099R   26271.09945901  .00002314  00000-0  13051-3 0  9999
2 43773  97.3867 310.6658 0009876   0.8721 359.2526 15.14108927428063
0 CARTOSAT 2F
1 43111U 18004A   26271.28681938  .00002894  00000-0  14062-3 0  9995
2 43111  97.4681 329.8474 0000288 210.3161 149.8057 15.19238522482989
0 CARTOSAT 2C
1 41599U 16040A   26271.26958720  .00002838  00000-0  13781-3 0  9990
2 41599  97.4373 329.7626 0009914 129.2230 230.9886 15.19230870569361
0 CANX-4
1 40055U 14034C   26271.22875422  .00000597  00000-0  83607-4 0  9995
2 40055  98.2939 150.2417 0013694  43.8888 316.3408 14.81410741659789
0 HINCUBE
1 39445U 13066AF  26271.20811712  .00004606  00000-0  28894-3 0  9991
2 39445  97.8096 241.4322 0031107 217.9549 141.9487 15.09441672695062
0 ESTCUBE 1
1 39161U 13021C   26270.38158313  .00001096  00000-0  14569-3 0  9990
2 39161  97.7184 320.9342 0009168  48.7982 311.4020 14.81639231720157
0 BRITE-A TUGSAT-1
1 39091U 13009F   26271.08260289  .00000092  00000-0  45789-4 0  9996
2 39091  98.4050  88.0164 0009113 296.1688  63.8561 14.36575102711823
0 FENGYUN 3A
1 32958U 08026A   26271.23453004  .00000041  00000-0  39924-4 0  9998
2 32958  98.6954 210.1655 0008458 184.2505 175.8601 14.19588902950021
0 CARTOSAT 2A
1 32783U 08021A   26271.26682565  .00000118  00000-0  22500-4 0  9995
2 32783  97.7530 316.4049 0012829 131.3195 228.9123 14.79338703994046
0 NOAA 9
1 15427U 84123A   26271.07708318  .00000053  00000-0  49504-4 0  9993
2 15427  99.0932 300.0742 0015493  60.6061 357.9941 14.17089992157999
0 PROX-1
1 44339U 19036A   26271.00492674  .00009656  00000-0  88366-3 0  9992
2 44339  23.9932 146.2501 0005364 149.6550 210.4261 14.92770793388846
0 AUTCUBE 2
1 43681U 18084K   26271.11572328  .00002141  00000-0  13363-3 0  9997
2 43681  98.0590 122.7449 0010149  58.9736 301.2488 15.10659297432467
0 NORSAT 2
1 42828U 17042D   26270.20675412  .00009341  00000-0  39159-3 0  9999
2 42828  97.4105  82.2171 0010213  57.3445 302.8776 15.23680426503264
0 CARTOSAT 2E
1 42767U 17036C   26271.31854515  .00002978  00000-0  14461-3 0  9998
2 42767  97.4163 329.3542 0002647 336.3137  23.7975 15.19222556513809
0 CHUBUSAT 3
1 41339U 16012C   26271.30847825  .00003998  00000-0  17959-3 0  9998
2 41339  31.0055  16.3079 0008868  37.1021 323.0232 15.19290621583890
0 SINOD-D 1
1 40974U 15058L   26271.18029410  .00011245  00000-0  50113-3 0  9992
2 40974  64.7577 200.0516 0086784   3.6652 356.5089 15.18435838131244
AENEAS
1 38760U          23265.85685185  .00000000  00000-0  15764-2 0    06
2 38760  64.6448 191.4103 0027263 114.7582 355.9422 15.68528680    04
0 CARTOSAT 2B
1 36795U 10035A   26271.26661008  .00000343  00000-0  53985-4 0  9990
2 36795  97.9850 321.0967 0010614 212.0018 148.0549 14.78658139875085
0 SNUGLITE
1 43784U 18099AC  26270.94680819  .00007486  00000-0  26776-3 0  9991
2 43784  97.3754 324.2948 0001057 294.2817  65.8313 15.29085840429015
OBJECT-Q
1 43772U 18099Q   26182.81231119  .08872736  25300-5  91617-3 0  9998
2 43772  97.3932 266.0295 0016550 265.7852  94.1554 16.37399568417018
0 S-NET C
1 43189U 18014K   26271.17576149  .00003031  00000-0  15474-3 0  9998
2 43189  97.5282 175.6233 0010466  20.3067 339.8581 15.17436256472923
0 S-NET B
1 43187U 18014H   26271.23719929  .00003128  00000-0  15960-3 0  9995
2 43187  97.5253 175.3649 0009404  27.3680 332.8047 15.17446097474381
0 CZ-4C R/B
1 43012U 17072C   26271.19831877  .00000350  00000-0  78562-4 0  9999
2 43012  98.5870  22.6132 0122040 194.1109 165.6669 14.58849226471650
0 TECHNOSAT
1 42829U 17042E   26271.02345133  .00002133  00000-0  15206-3 0  9994
2 42829  97.4426  64.8923 0019200 101.8388 258.4994 15.05469031502172
DUCHIFAT-1
1 40021U 14033M   26260.35376336  .11546644  29318-5  71988-3 0  9995
2 40021  98.0032 334.7798 0013138 273.3726  86.6069 16.40544584670300
0 SRMSAT
1 37841U 11058D   26271.01556559  .00000374  00000-0  58956-4 0  9993
2 37841  19.9708 157.0566 0011695 255.0090 230.6745 14.11594972772367
0 JUGNU
1 37839U 11058B   26269.71166897  .00000409  00000-0  74256-4 0  9996
2 37839  19.9610  51.6090 0018593 117.3346 270.9831 14.13801182773411
0 FLYING LAPTOP
1 42831U 17042G   26271.28610289  .00001669  00000-0  13262-3 0  9995
2 42831  97.5022  63.1575 0018306 127.4186 232.8708 15.01640546501928
0 CARTOSAT 2D
1 41948U 17008A   26271.30032615  .00003854  00000-0  18585-3 0  9990
2 41948  97.3997 328.6130 0003753 235.1670 124.9212 15.19286515533237
0 CANX-5
1 40056U 14034D   26271.22597820  .00000595  00000-0  83242-4 0  9992
2 40056  98.2942 150.2885 0013709  44.0670 316.1631 14.81428140650590
0 NEE 02 KRYSAOR
1 39441U 13066AB  26270.77400829  .00001502  00000-0  16751-3 0  9992
2 39441  97.8956 209.3090 0067166  93.0130 267.8774 14.86940774691447
0 ICUBE 1
1 39432U 13066S   26270.87886667  .00009414  00000-0  34502-3 0  9995
2 39432  97.5793 258.0585 0014360 337.7872  22.2743 15.28128157700082
0 BRITE-PL
1 39431U 13066R   26271.25729079  .00000325  00000-0  73819-4 0  9997
2 39431  97.8024  16.2446 0190634  50.8606 310.9362 14.51469757678883
0 CINEMA 3
1 39426U 13066L   26271.22148962  .00000782  00000-0  10762-3 0  9998
2 39426  97.8317 180.6903 0088181 237.8195 121.4442 14.78522240689678
0 NEE 01 PEGASUS
1 39151U 13018B   26270.14377027  .00002110  00000-0  20313-3 0  9996
2 39151  98.1372  57.7863 0012353 182.7096 177.4058 14.94068028725923
0 BRITE-U UNIBRITE
1 39092U 13009G   26270.33785846  .00000111  00000-0  52335-4 0  9992
2 39092  98.4087  87.4249 0008028 295.3011  64.7344 14.36446182711651
0 HAMSAT
1 28650U 05017B   26271.02732023  .00003432  00000-0  21201-3 0  9992
2 28650  97.9855 298.4929 0019905  50.9090 309.3905 15.10446934162281
0 OPAL
1 26063U 00004C   26271.15570845  .00000074  00000-0  43501-4 0  9992
2 26063 100.2005 227.0062 0036440 103.6112 256.9132 14.37994270398089
0 ORSTED
1 25635U 99008B   26271.21588194  .00000318  00000-0  78043-4 0  9991
2 25635  96.4684 155.2657 0130549 215.5714 143.6733 14.51895533456914
0 M2 PATHFINDER
1 45727U 20037E   26271.10966740  .00001167  00000-0  86528-4 0  9996
2 45727  97.8117 103.5323 0011776 158.4454 201.7270 15.05057917340972
0 FORMOSAT7-4/COSMIC2-4
1 44350U 19036M   26270.00695835  .00002185  00000-0  16013-3 0  9998
2 44350  23.9971 127.8653 0000928 308.9045  51.1373 14.96859014399344
0 ISAT
1 43879U 18111D   26270.81473433  .03381206  25637-5  12915-2 0  9994
2 43879  97.5611 216.3065 0009269 170.1347 190.0127 16.24091930427372
0 CENTAURI-1
1 43809U 18099BD  26271.11837045  .00002888  00000-0  14825-3 0  9997
2 43809  97.4108 320.6277 0012964 336.3502  23.7134 15.17236682428102
HORYU-4
1 41340U 16012D   26182.79199294  .04204222 -38650-5  11151-2 0  9996
2 41340  30.9791 330.1929 0008660 346.1826  13.8606 16.27112331573163
0 CHUBUSAT 2
1 41338U 16012B   26270.95346615  .00003952  00000-0  16488-3 0  9994
2 41338  30.9981   6.5043 0008426  51.0686 309.0706 15.21777178584081
0 AMSAT OSCAR 40
1 26609U 00072B   26270.77756473 -.00000387  00000-0  00000-0 0  9994
2 26609   9.3240 334.5849 7938398 211.1714  55.3073  1.25589283118807
0 OSCAR 10
1 14129U 83058B   26263.04235857 -.00000060  00000-0  00000-0 0  9991
2 14129  25.9788 204.0605 5980330 141.6651 281.5604  2.05869937297448
0 ERS 20 (OV5-3)
1  2768U 67040D   75042.57142285 -.00000859  00000-0  10000-3 0  9999
2  2768  35.1200 158.1261 7498300 182.8409 167.1313  0.50865911 13857
0 OBJECT BS
1 43822U 18099BS  26271.10944534  .00002528  00000-0  13759-3 0  9999
2 43822  97.4205 318.8022 0007557   7.3346 352.7996 15.15321383421807
0 OBJECT P
1 43771U 18099P   26271.11555488  .00012662  00000-0  34402-3 0  9997
2 43771  97.4131 335.5659 0006315 273.3706  86.6816 15.37690735429341
0 OBJECT T
1 43775U 18099T   26271.10383120  .00001707  00000-0  10690-3 0  9993
2 43775  97.4102 312.1479 0004878 349.7058  10.4071 15.10655010427854
SDS 3F5
1 32378U 07060A   25165.82553699 0.00000000  00000-0  00000-0 0    05
2 32378  63.9520 169.3856 7029490 266.5714  93.4286  2.00596936    02
0 ATLAS 5 CENTAUR DEB
1 44694U 18079BG  26267.46170142 -.00000140  00000-0  00000-0 0  9996
2 44694  13.7309  31.2065 4712586 314.9971  15.3079  1.77403742 48323
0 LES 1
1 01002U 65008C   26271.02997277  .00000009  00000-0  56228-4 0  9999
2 01002  32.1397 161.0797 0015268 281.2346  78.6435  9.88355044226367
0 ALOUETTE 2
1 01804U 65098A   26271.19559950  .00000696  00000-0  22273-3 0  9992
2 01804  79.8012 189.0216 1331059  23.6956 342.0004 12.28441667691923
0 OV3-3
1 02389U 66070A   26271.26438738  .00004771  00000-0  21442-3 0  9995
2 02389  81.3237 239.8792 1001444 249.6640  99.4251 13.47482694612842
0 ERS 15
1 02412U 66077C   26271.03374705  .00000002  00000-0  00000-0 0  9994
2 02412  90.3243 278.4353 0005976 325.9343  34.1125  8.59079864399294
0 ISIS 1
1 03669U 69009A   26271.13022308  .00000107  00000-0  63382-4 0  9999
2 03669  88.4364 133.0915 1707881  40.4529 331.1656 11.30451675371400
0 OPS 7613 (P/L 4)
1 04237U 69082E   26271.19296699 -.00000002  00000-0  36849-4 0  9997
2 04237  70.0130 243.8378 0021046 347.9959  23.3533 13.96009328900686
0 OPS 7613 (P/L 1)
1 04256U 69082B   26270.96406590  .00000068  00000-0  83667-4 0  9996
2 04256  70.0073 104.2214 0022024 288.6428  71.2288 13.99218295904840
0 SHINSEI (MS-F2)
1 05485U 71080A   26270.59052086  .00000016  00000-0 -23046-5 0  9998
2 05485  32.0564  20.0244 0639809 356.1533   3.4300 12.74258344562325
0 OPS 7898 (P/L 2)
1 05680U 71110C   26271.12327930  .00000008  00000-0  60634-4 0  9995
2 05680  69.9891 150.4905 0006585  21.5824 338.5547 13.74765692362368
0 MAKERSAT 0
1 43016U 17073D   26270.92310536  .00015009  00000-0  36936-3 0  9993
2 43016  97.4433 154.4117 0096172 266.3689  92.6552 15.35963182482213
0 CLUSTER II-FM7
1 26410U 00041A   26228.35648488  .00204628 -13535-2  00000+0 0  9995
2 26410 149.5559  61.8704 9119992 279.7536 359.6603  0.44877167 20578
0 CLUSTER II-FM6
1 26411U 00041B   24252.84969984  .00055454 -32453-3  00000+0 0  9994
2 26411 150.0714  39.2512 9137785 255.7698   0.1508  0.44419796 28488
0 CLUSTER II-FM5
1 26463U 00045A   25293.57799104  .00003729  00000-0  00000-0 0  9994
2 26463 145.9975  98.1036 9083513 317.9304   1.7530  0.45057109 19104
0 CLUSTER II-FM8
1 26464U 00045B   26242.68406919  .00218879 -14532-2  00000+0 0  9992
2 26464 149.4895  65.8568 9133957 283.7320   2.2648  0.44936442 20644
0 OBJECT G
1 40905U 15049G   26270.73730412  .00057165  00000-0  37109-3 0  9998
2 40905  97.4408 321.5955 0004746 168.4911 191.6464 15.75819114612544
0 CARTOSAT 3
1 44804U 19081A   26271.23394505  .00003266  00000-0  15780-3 0  9999
2 44804  97.4199 331.3755 0012336 149.1775 211.0187 15.19279760379115
0 LINGQIAO VIDEO A
1 40959U 15057B   26271.30439359  .00000546  00000-0  83212-4 0  9994
2 40959  97.6717 261.0766 0015408 297.5882  62.3764 14.77505552590635
0 LINGQIAO VIDEO B
1 40960U 15057C   26271.27356740  .00000733  00000-0  10916-3 0  9992
2 40960  97.6676 262.1810 0015537 297.5020  62.4612 14.77614920590677
0 JILIN-1-03
1 41914U 17002B   26271.22191353  .00008978  00000-0  19974-3 0  9998
2 41914  97.1973 277.0423 0006819 140.4145 219.7602 15.43847262537740
0 JILIN 1
1 40961U 15057D   26271.24034767  .00000405  00000-0  62452-4 0  9991
2 40961  97.6589 265.5390 0015463 290.1179  69.8369 14.78288689590831
0 JILIN-01-04
1 43022U 17074A   26271.21979305  .00009986  00000-0  21455-3 0  9996
2 43022  97.4934  23.8042 0003838 166.5233 193.6119 15.44883263490160
0 JILIN-01-05
1 43023U 17074B   26271.21149885  .00005979  00000-0  17678-3 0  9999
2 43023  97.4925  18.8956 0004199 209.5931 150.5075 15.35308848489806
0 JILIN-01-06
1 43024U 17074C   26271.20789028  .00003974  00000-0  12046-3 0  9995
2 43024  97.4842  15.7369 0005712 223.7248 136.3543 15.34733228489636
0 JILIN-01-07
1 43159U 18008E   26271.25498095  .00005568  00000-0  15996-3 0  9996
2 43159  97.1744 288.5314 0009593  55.8545 304.3608 15.36181108480814
0 JILIN-01-08
1 43160U 18008F   26271.20599150  .00004159  00000-0  12536-3 0  9999
2 43160  97.1788 287.6687 0007899  71.1794 289.0306 15.34825474480746
0 JILIN-01-09
1 43943U 19005B   26271.21088660  .00003282  00000-0  14999-3 0  9997
2 43943  97.4739   5.3438 0003716  93.0616 267.1045 15.21265535424807
0 JILIN-01-10
1 43946U 19005E   26271.25765336  .00003822  00000-0  14838-3 0  9998
2 43946  97.4809  10.1432 0006474 275.9937  84.0563 15.26690658425037
FIREBIRD-B
1 39464U 13072C   24128.45952140 +.00019470 +00000+0 +11355-2 0    17
2 39464 120.4762  11.1310 0183873 288.8384  69.2821 14.98949398559739
0 CP5
1 38763U 12048F   26271.15839576  .00007504  00000-0  25141-3 0  9996
2 38763  64.6443 171.7188 0061347 139.0496 221.5266 15.29874059132507
0 PROSPERO (BLACK ARROW)
1 05580U 71093A   26271.22888032  .00000772  00000-0  16392-3 0  9999
2 05580  82.0409 200.3714 0498991 291.7281  63.1484 14.01877872762961
0 CUBEL
1 47448U 21006AM  26271.09369328  .00013596  00000-0  29517-3 0  9995
2 47448  97.2208 320.8674 0007089 147.7764 212.3920 15.44461363315620
0 SECOR 4 (EGRS 4)
1 01315U 65027B   26270.82784249 -.00000030  00000-0 -13515-3 0  9994
2 01315  90.2607  17.9286 0029490 293.5428 191.5073 12.92669221900180
0 OBJECT F
1 47937U 21022F   26271.26480260  .00005867  00000-0  17776-3 0  9990
2 47937  97.3757 171.9011 0011547  83.7306 276.5252 15.34476733305511
0 OBJECT X
1 47953U 21022X   26252.94715253  .06847055  25781-5  66902-3 0  9997
2 47953  97.3670 177.2436 0008034 203.0342 157.0597 16.38318135303965
0 HJ-1A
1 33320U 08041A   26271.25562141  .00001520  00000-0  18739-3 0  9997
2 33320  97.6798 253.1835 0019386 155.3060 204.9087 14.84183513973695
0 HJ-1B
1 33321U 08041B   26271.27256514  .00001178  00000-0  14813-3 0  9992
2 33321  97.6628 256.0535 0035293 202.8746 157.0898 14.83480631973699
0 TURKSAT 3U
1 39152U 13018C   26271.23879694  .00001669  00000-0  15020-3 0  9992
2 39152  97.7908   1.6596 0012784 114.3343 245.9214 14.96939951726503
0 SIRION PATHFINDER-2
1 43759U 18099B   26271.09004693  .00003042  00000-0  16505-3 0  9993
2 43759  97.4142 317.6940 0007226 309.5316  50.5277 15.15276230428205
0 MEGSAT 1
1 26546U 00057B   26270.95675900  .00001678  00000-0  12501-3 0  9997
2 26546  64.5477  99.6624 0044103 272.3191  87.2877 15.05956432413132
0 FARADAY_PHOENIX
1 48924U 21059AX  26230.23662953  .05800316  26793-5  56717-3 0  9997
2 48924  97.6371  76.5308 0011721 280.5759  79.4219 16.38155079287531
0 DEMO8(TENZING)
1 48951U 21059CA  26271.07903845  .00015667  00000-0  20457-3 0  9994
2 48951  97.6940 112.6142 0005436 339.2765  20.8269 15.58757900293316
0 SPARTAN
1 48964U 21059CP  26268.23427114  .03742349  26709-5  60220-3 0  9990
2 48964  97.6468 122.2397 0005492 255.3314 104.7373 16.33697643293863
0 FENGYUN 3D
1 43010U 17072A   26271.25131978  .00000184  00000-0  10881-3 0  9993
2 43010  99.0260 247.5997 0002467 100.6327 259.5126 14.19758267459612
0 FENGYUN 3E
1 49008U 21062A   26271.29454012  .00000124  00000-0  79325-4 0  9994
2 49008  98.7547 273.5800 0002333 123.9315 236.2083 14.19911960271211
0 ISS (NAUKA)
1 49044U 21066A   26271.14212772  .00006053  00000-0  11922-3 0  9992
2 49044  51.6312 150.5592 0007113 196.8918 163.1834 15.48675883587003
0 NOAA 20
1 43013U 17073A   26271.26327283  .00000023  00000-0  31670-4 0  9996
2 43013  98.7836 209.8330 0001022  35.1202 325.0042 14.19527955459098
0 ANGELS
1 44876U 19092D   26117.66670223  .09102593  25597-5  62771-3 0  9997
2 44876  97.3862 337.5251 0009038 257.4278 102.6011 16.40735846354431
0 CUPID
1 49264U 21088E   26271.16338315  .00004472  00000-0  16990-3 0  9997
2 49264  97.3754 331.1834 0013044  64.7766 295.4824 15.27244671275897
0 ZHUHAI-1 OHS-02
1 43441U 18040C   26271.32734451  .00003804  00000-0  14567-3 0  9997
2 43441  97.0329 289.5480 0007909 212.8664 147.2085 15.27079587130011
0 ORBCOMM FM 36
1 25984U 99065E   26270.90752118  .00000639  00000-0  24935-3 0  9991
2 25984  45.0395  31.8724 0004110 153.2729 206.8333 14.39358502401781
0 GEOSAT
1 15595U 85021A   26271.03199535  .00000030  00000-0  52817-4 0  9994
2 15595 108.0466 295.4906 0002588 265.4571  94.6276 14.40008132177574
0 LEMUR 2 FURIAUS
1 42840U 17042R   26270.24872792  .00018048  00000-0  56149-3 0  9999
2 42840  97.3798  88.3969 0007656  63.0669 297.1355 15.33337165503838
0 ZHUHAI-1 OVS-02
1 43440U 18040B   26271.27222036  .00003395  00000-0  13408-3 0  9999
2 43440  97.0375 282.4633 0001825 227.3001 132.8085 15.26140691468434
0 3CAT-5/A (TYVAK-0161)
1 46292U 20061W   26271.24233897  .00011560  00000-0  21478-3 0  9996
2 46292  97.2289 334.1645 0003010 105.1329 255.0256 15.49064832336967
0 3CAT-5/B (TYVAK-0162)
1 46293U 20061X   26271.18866494  .00013053  00000-0  22821-3 0  9997
2 46293  97.2264 335.3151 0003826 102.4257 257.7424 15.50765742337003
0 SEAHAWK-1
1 43820U 18099BQ  26271.11898344  .00004831  00000-0  20073-3 0  9991
2 43820  97.3843 322.0796 0006631 315.1386  44.9315 15.24262779428202
0 GLOBAL-4
1 44499U 19054E   26270.33024826  .00106627  00000-0  63614-3 0  9999
2 44499  45.0048   2.1507 0008263 337.7439  22.3103 15.76856241396412
0 TIANQI-6
1 46810U 20076D   26271.05701487  .00002377  00000-0  15417-3 0  9994
2 46810  34.9979 136.8296 0010476 351.1955   8.8570 15.07745449324119
0 WNISAT 1R
1 42835U 17042L   26271.02359130  .00001731  00000-0  13595-3 0  9995
2 42835  97.4963  63.5252 0009869 136.1151 224.0860 15.02139450501946
0 FORMOSAT7-3/COSMIC2-3
1 44343U 19036E   26270.13600701  .00004273  00000-0  23235-3 0  9996
2 44343  23.9986 196.5078 0000970  67.8713 292.1894 15.10460529398672
0 FORMOSAT7-1/COSMIC2-1
1 44349U 19036L   26270.71768303  .00002011  00000-0  14536-3 0  9991
2 44349  23.9977  60.9611 0000515 321.4792  38.5672 14.96854700400037
0 FORMOSAT7-2/COSMIC2-2
1 44351U 19036N   26271.02938439  .00002049  00000-0  14861-3 0  9990
2 44351  23.9973 175.2886 0000400 324.2630  35.7844 14.96858613399017
0 FORMOSAT7-6/COSMIC2-6
1 44353U 19036Q   26270.56187363  .00002086  00000-0  15173-3 0  9990
2 44353  23.9983 359.2413 0000922 200.6399 159.4065 14.96865639397178
0 FORMOSAT7-5/COSMIC2-5
1 44358U 19036V   26271.20687202  .00001908  00000-0  13662-3 0  9997
2 44358  23.9988 293.6654 0000195  32.4389 327.6124 14.96864269397801
0 TYVAK-0172
1 46267U 20059C   26096.83989262  .14635205  28105-5  16297-2 0  9995
2 46267  97.7020 342.8884 0007965 229.9948 130.0651 16.37139113307583
0 NAPA-1
1 46320U 20061BA  26271.30285836  .00167417  00000-0  58124-3 0  9996
2 46320  97.2306 350.1255 0002634 222.0224 138.0847 15.89003420337987
0 TYVAK-0173
1 48892U 21059P   26271.09544853  .00000987  00000-0  12785-3 0  9994
2 48892  95.9973 321.8301 0010333  48.7384 311.4723 14.82142501283481
0 MANDRAKE 2 ABLE
1 48907U 21059AE  26271.06892603  .00017321  00000-0  22394-3 0  9994
2 48907  97.6970 109.0126 0003879 349.9276  10.1901 15.59006796293132
0 TYVAK-0130
1 48606U 21041BF  26271.17993402  .00003966  00000-0  15217-3 0  9998
2 48606  52.9945 267.3116 0010601 126.1084 234.0897 15.28800281296135
0 TYVAK-182A
1 48271U 21034D   26271.14492981  .00002349  00000-0  16128-3 0  9997
2 48271  97.5613 328.2682 0005248 356.9107   3.2087 15.06932742295337
0 MANDRAKE 2 BAKER
1 48908U 21059AF  26271.10804041  .00024811  00000-0  25532-3 0  9998
2 48908  97.6916 112.7292 0002449 350.0829  10.0380 15.64863935293364
0 OBJECT D
1 49398U 21102D   26271.08770071  .00006962  00000-0  22462-3 0  9999
2 49398  97.3094 311.9793 0008310 185.6403 174.4747 15.32426302269772
0 HAIYANG 1B
1 31113U 07010A   26271.20621939  .00000040  00000-0  31115-4 0  9996
2 31113  98.3629 249.1174 0012235 255.5096 104.4730 14.31047894 15377
0 HYPSO-1
1 51053U 22002BX  26270.50582446  .00182248  14304-4  56592-3 0  9992
2 51053  97.2702 357.1004 0005399 256.1873 103.8801 15.91618987263064
0 BRO-5
1 51061U 22002CF  26271.26084676  .00009942  00000-0  17270-3 0  9990
2 51061  97.2905 346.0884 0004918 311.3351  48.7478 15.51022031262210
0 ION SCV-004
1 50993U 22002K   26271.11674252  .00003131  00000-0  10600-3 0  9996
2 50993  97.2714 326.8357 0006878   1.1514 358.9743 15.31304542261043
0 OBJECT V
1 52751U 22057V   26271.27120700  .00006083  00000-0  15619-3 0  9995
2 52751  97.6765  64.2768 0006967  88.7669 271.4374 15.39699657241563
0 ION SCV-006
1 52761U 22057AF  26270.85939621  .00009392  00000-0  18429-3 0  9997
2 52761  97.6229  64.6673 0017549 102.1438 258.1779 15.47408018241986
0 OBJECT D
1 43834U 18102D   26270.65603028  .00220335  19850-4  71426-3 0  9996
2 43834  97.3348   5.8872 0002424 270.9362  89.1634 15.90785380433398
0 OBJECT C
1 44312U 19032C   26271.12914741  .00008877  00000-0  26815-3 0  9991
2 44312  44.9736 149.5063 0007513 198.5580 161.5033 15.34633916403646
0 KAZEOSAT 1
1 39731U 14024A   26271.26783389  .00000003  00000-0  13941-4 0  9993
2 39731  98.3123 341.0981 0001464  89.2600 270.8757 14.42066707653419
0 GLOBAL-2
1 43812U 18099BG  26271.06072225  .00001593  00000-0  10411-3 0  9995
2 43812  97.3473 303.2862 0006616 147.4219 212.7419 15.09148326427428
0 BRITE TORONTO
1 40020U 14033L   26271.17190837  .00000485  00000-0  80650-4 0  9991
2 40020  97.9878  38.2868 0077285 307.8367  51.5864 14.72826425657372
0 BRITE-PL 2
1 40119U 14049B   26271.26319675  .00001682  00000-0  15939-3 0  9997
2 40119  97.9181  24.1250 0015115 124.5771 235.6878 14.94891347656844
0 SHERPA-AC1
1 52763U 22057AH  26270.87212094  .00005606  00000-0  15452-3 0  9996
2 52763  97.6828  64.5736 0008681  87.2280 272.9957 15.37533450241471
0 HILAT
1 14154U 83063A   26271.18891810  .00000228  00000-0  68679-4 0  9991
2 14154  82.0220  65.2482 0038741 340.0721 193.2746 14.38762392262397
0 AII-BRAVO
1 48270U 21034C   26271.09049271  .00002910  00000-0  21421-3 0  9996
2 48270  97.5515 323.6412 0004269 275.8321  84.2418 15.04131431295089
0 LEMUR 2 KADI
1 43184U 18014E   26155.55157302  .12960309  26026-5  47900-3 0  9995
2 43184  97.4333  87.1754 0013292 239.3082 120.6910 16.42905433459090
0 OMNI-L2
1 52771U 22057AR  26271.12500141  .00000729  00000-0  99267-4 0  9995
2 52771  97.4607 326.5171 0006301 359.6096   0.5112 14.81380176235637
0 OBJECT L
1 44889U 19093L   26271.27750312  .00001893  00000-0  17827-3 0  9999
2 44889  97.7485 348.3106 0012792  70.0532 290.2065 14.94966882367207
0 OBJECT H
1 44886U 19093H   26271.25666038  .00002051  00000-0  18999-3 0  9993
2 44886  97.7982 358.8987 0013046  83.6889 276.5817 14.95554693367584
0 OBJECT F
1 44315U 19032F   26116.08672172  .07634054  10452-4  95146-3 0  9994
2 44315  44.9557 153.4418 0002336  17.0554 343.0447 16.35144130381404
0 CBERS 2B
1 32062U 07042A   26271.10179634  .00000156  00000-0  60845-4 0  9994
2 32062  98.4010 213.9927 0031632  26.9531 343.9040 14.41517164999511
0 PEGASUS R/B
1 22491U 93009C   26270.99600390  .00000706  00000-0  10555-3 0  9994
2 22491  24.9765 162.9915 0044078 135.8792 224.5247 14.58076008784659
0 DMC 2
1 35683U 09041C   26271.32980447  .00000616  00000-0  96380-4 0  9997
2 35683  97.8986  43.8681 0001023  85.9815 274.1511 14.76155643921786
0 DMC 3-FM1
1 40715U 15032A   26271.24461874  .00000801  00000-0  97869-4 0  9994
2 40715  97.6292 132.3019 0007118  75.8309 284.3698 14.85829362605214
0 DMC 3-FM2
1 40716U 15032B   26271.26616522  .00000651  00000-0  80687-4 0  9992
2 40716  97.6344 133.9647 0007691  80.0171 280.1913 14.85838963605219
0 DMC 3-FM3
1 40717U 15032C   26271.29028182 -.00000216  00000-0 -18965-4 0  9994
2 40717  97.6391 135.8036 0006823  79.7664 280.4321 14.85822330605221
0 SSTL S1-4
1 43618U 18071A   26271.25782256  .00001787  00000-0  15342-3 0  9995
2 43618  97.4857 138.5437 0007047 228.2738 131.7884 14.98666374438354
0 MOHAMMED VI-B
1 43717U 18095A   26271.28017162  .00000031  00000-0  11548-4 0  9997
2 43717  97.9474 342.1314 0001368 102.5815 257.5548 14.77103672423409
0 MOHAMMED VI-A
1 43005U 17070A   26271.31405061  .00000818  00000-0  12305-3 0  9996
2 43005  97.9475 342.1731 0001361  83.0872 277.0493 14.77083285479204
0 OBJECT S
1 51840U 22019S   26121.31511215  .17660270  25644-5  15609-3 0  9992
2 51840  97.3405 219.2395 0012643 277.8999  82.0872 16.51358146232864
0 CARBONITE 1
1 40718U 15032D   26271.22978269  .00000957  00000-0  12136-3 0  9991
2 40718  97.6562  85.0478 0013539 321.0109  39.0128 14.83850833604620
0 AISSAT 1
1 36797U 10035C   26271.24190932  .00000909  00000-0  82871-4 0  9997
2 36797  98.0797 174.0715 0010291  75.0907 285.1453 14.97714918879643
0 STARLINK-2342
1 47883U 21021Z   26221.29382532  .10265833  12504-4  34182-3 0  9998
2 47883  53.1310 236.0585 0005207 288.2631  71.7852 16.44437377300388
0 YOUTHSAT
1 37388U 11015B   26271.25443588  .00000116  00000-0  66418-4 0  9991
2 37388  98.3827 240.7271 0015380  42.7891   9.4426 14.25665143802326
0 IRS 1B
1 21688U 91061A   26271.03510501  .00000327  00000-0  26311-3 0  9993
2 21688  99.4137 281.5583 0025501  83.8820 289.5908 13.97886352682867
EXPLORER 50 (IMP-8)
1 06893U 73078A   25196.57914163 -.00001058  00000+0  00000+0 0  9993
2 06893   9.0739 118.5325 1991774 108.5150   0.8671  0.08284795 11624
0 GOES 17
1 43226U 18022A   26271.19372214 -.00000177  00000-0  00000-0 0  9993
2 43226   1.1949  83.9423 0001244 147.3692 115.9363  1.00270763 31452
0 ATS 5
1 04068U 69069A   26271.26104615  .00000098  00000-0  00000-0 0  9998
2 04068   0.4355 116.9662 0005939 155.5621  40.4944  0.99491943 47351
0 OBJECT C
1 53107U 22080C   23025.30817819 -.00000003  00000-0  00000-0 0  9991
2 53107  70.1748   9.4735 0013378 210.3558 149.6328  6.42110577 12479
0 CELESTA
1 53111U 22080G   23145.85382453 -.00000003  00000-0  00000+0 0  9999
2 53111  70.6593 327.3289 0101863  79.9078 281.3061  6.46589524 20200
TRISAT-R
1 53108U 22080D   25164.43750000  .00000000  00000-0  00000-0 0    09
2 53108  70.1723  68.0769 0013203  29.9127  11.4181  6.42152585    08
0 ALPHA
1 53110U 22080F   22249.50115603 -.00000003  00000-0  00000+0 0  9995
2 53110  70.1887  58.2730 0239395 148.5037 284.5041  6.42698116  3412
0 LARES-2
1 53105U 22080A   26257.22762985  .00000002  00000-0  00000-0 0  9991
2 53105  70.1478 274.7815 0005529 316.6821  43.3442  6.38965299 97356
0 VIGORIDE 3
1 52760U 22057AE  26271.11344939  .00003690  00000-0  13701-3 0  9991
2 52760  97.6760  53.9835 0009356 118.2499 241.9685 15.28205984240877
0 SAUDISAT 2
1 28371U 04025F   26271.26725197  .00000156  00000-0  45984-4 0  9995
2 28371  98.5570 273.9477 0024320 342.9254  17.1122 14.56731447180753
0 HIBER-2
1 43774U 18099S   26028.96940761  .08639631  25068-5  13938-2 0  9990
2 43774  97.4270 113.4809 0009314 286.8843  73.1432 16.33569322393452
0 YAM-3
1 48915U 21059AN  26271.06494628  .00008494  00000-0  15029-3 0  9996
2 48915  97.6950 104.9187 0004931   8.1947 351.9384 15.50577409292921
0 TIROS N
1 11060U 78096A   26270.77580339  .00000064  00000-0  49948-4 0  9995
2 11060  98.4516 287.1742 0009427 309.4600  50.5742 14.19398662693301
0 TIROS 10
1 01430U 65051A   26271.24883268  .00000099  00000-0  43163-4 0  9993
2 01430  98.5154  30.1897 0056183 128.9825 231.6387 14.41660143210764
0 OBJECT G
1 44316U 19032G   26271.22469281  .00008795  00000-0  31620-3 0  9999
2 44316  44.9716 217.7176 0009767 125.4484 234.7312 15.29006212402847
0 SECOR 7 (EGRS 7)
1 02411U 66077B   26270.97010008 -.00000011  00000-0 -63549-2 0  9999
2 02411  90.3230 278.6419 0010001 313.2147  46.7868  8.59615459886213
0 SECOR 13 (EGRS 13)
1 03891U 69037B   26271.21278069 -.00000021  00000-0  36199-4 0  9995
2 03891  99.6292 138.1493 0039558 359.4896 116.8903 13.42980501815581
0 OMNI-L1
1 52157U 22033A   26271.21514990  .00001200  00000-0  15398-3 0  9991
2 52157  97.8325 348.3719 0004134 319.5182  40.5724 14.83045731242727
0 KHAYYAM
1 53370U 22096A   26271.28577851  .00003114  00000-0  12874-3 0  9992
2 53370  97.3324 173.5302 0002443  72.2070 287.9434 15.24708514230302
0 FENGYUN 1D
1 27431U 02024B   26271.16725607 -.00000016  00000-0  16073-4 0  9996
2 27431  98.9409 320.9717 0014594 315.6339  44.3661 14.10235602253996
0 STARLINK-3100
1 49144U 21082Q   26270.91739257 -.00000989  00000-0 -75132-4 0  9995
2 49144  69.9990 144.5599 0002764 275.7239  84.3605 14.98325636276274
0 STARLINK-4410
1 53204U 22084R   26271.17620807 -.00013767  00000-0 -38104-3 0  9994
2 53204  97.4560 335.1264 0000631 335.2853  24.8361 15.36855525230835
0 STARLINK-4400
1 53468U 22099D   26271.25002315  .00741967  00000-0  25944-1 0  9993
2 53468  97.2864  24.9028 0001759  81.4951 215.1192 15.27158767  5789
0 STARLINK-4621
1 53676U 22105AE  26271.19162150 -.00000816  00000-0 -52645-4 0  9993
2 53676  97.2848 144.5838 0002118  82.9311 277.2157 15.05658944223708
0 STARLINK-4362
1 53043U 22077A   26270.91950514  .00001395  00000-0  45562-4 0  9998
2 53043  97.2848  85.6168 0001721  93.2097 266.9343 15.33429835231439
0 OTB-3-GAZELLE
1 54023U 22127A   26271.19095899  .00000059  00000-0  30826-4 0  9993
2 54023  98.4050 261.3787 0012043 235.2773 124.7283 14.42704126209217
0 KSM1-A
1 46912U 20081H   26271.10374800  .00007675  00000-0  28297-3 0  9990
2 46912  36.8963 146.0510 0000695  93.2784 266.8045 15.27382124324914
0 KSM1-B
1 46914U 20081K   26271.07772699  .00006925  00000-0  26835-3 0  9999
2 46914  36.9015 154.9528 0003335  26.7921 333.3000 15.25782196327904
0 KSM1-C
1 46906U 20081B   26271.11063885  .00007921  00000-0  28446-3 0  9992
2 46906  36.8914 142.7881 0003523 334.2512  25.8062 15.28227400324915
0 OBJECT D
1 51827U 22019D   26271.30522142  .00363273  58236-4  69749-3 0  9994
2 51827  97.3535  11.0919 0002814 218.7178 141.3899 16.00515843256008
0 SHERPA-LTC2
1 53754U 22107BG  26270.91830021  .00003633  00000-0  19039-3 0  9997
2 53754  53.2333 145.1736 0393083 153.5528 208.6111 14.70397994217650
0 OBJECT D
1 44882U 19093D   26271.25426076  .00003631  00000-0  25112-3 0  9995
2 44882  97.7942   7.1100 0014193  39.8925 320.3342 15.06284071368120
0 WREN
1 39435U 13066V   14099.35188471  .00002386  00000-0  27506-3 0  9992
2 39435  97.7868 174.0379 0056077 109.7041 251.0236 14.85489138 20584
0 KSM1-D
1 46907U 20081C   26271.12486130  .00004481  00000-0  17392-3 0  9992
2 46907  36.8953 153.8039 0002481 348.2342  11.8349 15.26003947324824
0 OBJECT H
1 53451U 22098H   26117.57590324  .09658889  26632-5  28822-3 0  9993
2 53451  97.5482 255.1474 0012673 271.4877  88.4972 16.44056768207372
0 IRIDIUM 116
1 43072U 17083C   26271.26309098  .00000013  00000-0 -24519-5 0  9991
2 43072  86.3906 278.9003 0001906  92.7410 267.4004 14.34217634458946
0 IRIDIUM 113
1 42803U 17039A   26271.07915635  .00000016  00000-0 -13114-5 0  9994
2 42803  86.3912 279.1626 0002234  90.6358 269.5094 14.34217634485932
0 IRIDIUM 130
1 43073U 17083D   26271.09184117  .00000038  00000-0  66023-5 0  9998
2 43073  86.3911 279.2577 0002056  88.1734 271.9698 14.34218027458865
0 OBJECT T
1 51841U 22019T   26155.99859174  .08863804  25266-5  38933-3 0  9996
2 51841  97.3498 253.9130 0015819 261.5810  98.3697 16.41716669238205
0 OBJECT R
1 51839U 22019R   26157.35070802  .08475770  25153-5  75233-3 0  9998
2 51839  97.3544 255.4419 0013577 264.5878  95.3872 16.38904555238411
0 OBJECT M
1 51835U 22019M   26120.80150797  .14453301  25711-5  16849-3 0  9997
2 51835  97.3515 218.7383 0014909 270.1758  89.7838 16.49258376232763
0 OBJECT L
1 51834U 22019L   26094.86293574  .04742356  24575-5  11271-2 0  9993
2 51834  97.3534 192.0232 0009733 271.1205  88.8974 16.29530138228759
0 OBJECT H
1 51831U 22019H   26111.62901392  .08912270  25172-5  56557-3 0  9997
2 51831  97.3448 208.8638 0012686 268.1436  91.8411 16.40538195231320
0 OBJECT E
1 49007U 21061E   26120.95513259  .12078408  24990-5  26262-3 0  9990
2 49007  97.2686 201.7525 0014506 262.1565  97.8091 16.45518277268843
0 OBJECT D
1 49006U 21061D   26112.70189028  .15915864  25453-5  16153-3 0  9998
2 49006  97.2690 193.3521 0010540 259.1136 100.8983 16.50608492267561
0 JILIN-01 GAOFEN 3J
1 46462U 20065J   26131.24550622  .14462653  24832-5  20374-3 0  9998
2 46462  97.2084 192.2839 0012891 259.1496 100.8358 16.48268073314621
0 JILIN-01 GAOFEN 3H
1 46460U 20065G   26271.10023526  .00278223  31947-4  73794-3 0  9995
2 46460  97.1995 328.6179 0004230 241.1786 118.9066 15.94632433336111
0 JILIN-01 GAOFEN 3G
1 46459U 20065F   26268.06114679  .13300484  24710-5  27539-3 0  9990
2 46459  97.1979 330.4883 0010321 260.7313  99.2823 16.46296368335779
0 JILIN-01 GAOFEN 3F
1 46458U 20065E   26270.94530009  .00079663  00000-0  56102-3 0  9995
2 46458  97.2025 323.5684 0010403 125.2415 234.9824 15.73793838335796
0 JILIN-01 GAOFEN 3E
1 46457U 20065D   26271.16081191  .00103138  00000-0  54451-3 0  9992
2 46457  97.2055 327.1577 0008662 138.5960 221.5966 15.80289400335922
0 JILIN-01 GAOFEN 3B
1 46454U 20065A   26117.01126189  .16184280  25073-5  18480-3 0  9997
2 46454  97.1995 178.0186 0011164 251.7622 108.2468 16.49777179312423
0 EOS-6
1 54361U 22158A   26271.26417113  .00000158  00000-0  55447-4 0  9993
2 54361  98.3555   8.0928 0002044  70.0535 290.0877 14.46983377202743
0 CORIOLIS
1 27640U 03001A   26271.00465420  .00000053  00000-0  45301-4 0  9997
2 27640  98.7169 276.3407 0012880 277.7708  82.2005 14.19968682228819
0 CLOUDSAT
1 29107U 06016A   26271.27400059  .00000565  00000-0  70688-4 0  9996
2 29107  98.3832 314.2394 0005293  13.3092 346.8261 14.86553958 89828
0 ELEKTRO-L
1 37344U 11001A   26271.13565514  .00000132  00000-0  00000-0 0  9998
2 37344   9.9150  53.4210 0003122  49.6948 162.9756  1.00187812 57512
0 CENTISPACE-1 S6
1 54021U 22126B   26271.22335377  .00000375  00000-0  11051-3 0  9991
2 54021  54.9988 162.9500 0012098 308.7218  51.2694 14.62397153212079
0 CENTISPACE-1 S3
1 53757U 22108A   26271.21458934  .00000254  00000-0  89070-4 0  9993
2 53757  53.5346 349.2016 0008036 256.5217 103.4863 14.61339604216590
0 MATS
1 54227U 22147A   26270.99553612  .00001544  00000-0  11068-3 0  9996
2 54227  97.6885 272.2141 0011560 203.2558 156.8147 15.05824787213232
0 LYNK TOWER 3
1 55046U 23001AP  26271.12428181  .00007549  00000-0  20202-3 0  9995
2 55046  97.3083 330.9281 0008966 106.6979 253.5251 15.38286828207727
0 LYNK TOWER 4
1 55034U 23001AB  26271.11092960  .00004686  00000-0  14176-3 0  9995
2 55034  97.3080 329.0793 0009605 108.0230 252.2061 15.34644335207604
0 KUWAITSAT-1
1 55103U 23001CY  26271.18481274  .00018404  00000-0  28554-3 0  9997
2 55103  97.3148 343.8747 0008658  60.3125 299.8989 15.54000445208561
0 CONNECTA T1.2
1 55012U 23001D   26271.14614920  .00037679  00000-0  47871-3 0  9996
2 55012  97.3142 344.2040 0005118  87.6652 272.5191 15.59299163208543
0 BRO-8
1 55011U 23001C   26271.25799417  .00026700  00000-0  39004-3 0  9994
2 55011  97.3079 338.3265 0006412 104.9988 255.1977 15.55600629208196
0 HUYGENS
1 55093U 23001CN  26271.27200971  .00006366  00000-0  15283-3 0  9997
2 55093  97.3147 338.6557 0010533  75.2670 284.9743 15.41660987208241
0 OBJECT A
1 55009U 23001A   26271.22317413  .00010028  00000-0  21323-3 0  9991
2 55009  97.3058 336.2274 0006764 100.2519 259.9493 15.45161297208126
0 BIRKELAND
1 55015U 23001G   26271.27193802  .00006050  00000-0  14553-3 0  9994
2 55015  97.3247 339.5626 0007976  94.7674 265.4484 15.41651192208222
GUARDIAN ALPHA
1 70326C 23001AB  23003.66764859  .00091283  00000+0  51198-2 0    04
2 70326  97.5087  65.7870 0015886 214.5672 168.9126 15.13313322    12
SPHERE-1
1 70329C 23001AE  23003.66784188  .00089600  00000+0  50543-2 0    07
2 70329  97.5093  65.7875 0015070 215.7489 168.7815 15.13120024    19
0 SKYKRAFT-1A
1 55054U 23001AX  26271.16536954  .00003610  00000-0  12617-3 0  9992
2 55054  97.3099 326.9422 0010783 121.1600 239.0700 15.30142711207461
ORBITER SN1
1 70377C 23001CE  23003.68208725  .00066625  00000+0  37949-2 0    07
2 70377  97.5052  65.8019 0012930 216.4030 245.6566 15.12806539    19
0 EOSSAT-1
1 55053U 23001AW  26271.14585432  .00003198  00000-0  98138-4 0  9998
2 55053  97.3124 330.8513 0010481 106.2436 253.9961 15.34431449207704
0 ION SCV-008
1 55051U 23001AU  26271.23868987  .00004138  00000-0  14638-3 0  9992
2 55051  97.5726   9.3630 0014652  14.7048 345.4615 15.29658312207084
0 ION SCV-007
1 55060U 23001BD  26271.13056863  .00000256  00000-0  42883-4 0  9994
2 55060  97.8894 332.0452 0012456   9.8304 350.3148 14.77626228201455
0 VIGORIDE 5
1 55056U 23001AZ  26271.15883030  .00071393  00000-0  52083-3 0  9997
2 55056  97.3112 346.8493 0006566 158.1462 202.0083 15.73036868208780
0 YAM-5
1 55076U 23001BV  26271.18037523  .00006934  00000-0  17320-3 0  9994
2 55076  97.3084 334.1284 0009881  97.6561 262.5808 15.40427509207952
MENUT (GENEO)
1 70309C 23001J   23003.66403400  .00096558  00000+0  56818-2 0    01
2 70309  97.5066  65.7823 0009655 230.0594 133.7523 15.11657802    14
0 SAUDISAT 5A
1 43831U 18102A   26271.27282093  .00003443  00000-0  12495-3 0  9990
2 43831  97.2953 330.8647 0010852 123.3087 236.9194 15.28933705431428
0 SAUDISAT 5B
1 43833U 18102C   26271.27594459  .00003264  00000-0  11783-3 0  9994
2 43833  97.3067 334.1244 0011519 125.5050 234.7267 15.29145831431548
EPIC CHIMERA LEO 1
1 88310U          23005.58241233 +.00008746 +00000+0 +51053-3 0  0002
2 88310  97.5034  67.6665 0010472 213.2239 146.8336 15.12121087 00045
NEWSAT 32
1 70365C 23001BS  23003.67778169  .00074297  00000+0  42091-2 0    05
2 70365  97.5065  65.7992 0013615 219.8639 218.7610 15.12989524    19
0 CONTINUUM-1
1 55045U 23001AN  26271.24888347  .00007840  00000-0  24421-3 0  9992
2 55045  97.3252 333.2808 0009753  83.6596 276.5758 15.33497390208034
NEWSAT 33
1 70369C 23001BW  23003.67920993  .00072235  00000+0  41485-2 0    09
2 70369  97.5055  65.7926 0013201 209.1298 237.2829 15.12505598    16
NEWSAT 35
1 70374C 23001CB  23003.68111271  .00069596  00000+0  39934-2 0    09
2 70374  97.5055  65.8006 0012572 211.6533 245.1041 15.12545124    15
0 CZ-4C R/B
1 52085U 22027B   26271.05623339 -.00000012  00000-0  83500-4 0  9996
2 52085  63.3920 145.0478 0241783  22.3316 338.8036 13.65486440226086
0 OBJECT F
1 44884U 19093F   26271.24790652  .00003812  00000-0  29945-3 0  9999
2 44884  97.7914   1.3927 0017733  49.0198 311.2556 15.01387185367885
0 OBJECT F
1 54687U 22167F   26199.75650564  .07709499  26771-5  46652-3 0  9992
2 54687  97.5939  32.2115 0011495 265.3431  94.6556 16.40917510201891
0 ETV-A1
1 51060U 22002CE  26271.28165432  .00007369  00000-0  17142-3 0  9990
2 51060  97.2770 337.3678 0004085 350.0832  10.0334 15.42599177261720
0 GAOFEN 6
1 43484U 18048A   26271.28823662  .00000844  00000-0  12876-3 0  9992
2 43484  98.0869 334.1271 0010250 192.2581 167.8380 14.76452584448603
0 GAOFEN 7
1 44703U 19072A   26271.27480744  .00002537  00000-0  11589-3 0  9995
2 44703  97.5609 332.3543 0019573  51.0966 309.2011 15.21359890383318
0 CBERS 4A
1 44883U 19093E   26271.29316041  .00001197  00000-0  15965-3 0  9990
2 44883  98.0100 338.7733 0000965  61.8574 298.2736 14.81466604366341
0 NINGXIA-1 1
1 44779U 19076A   26271.07433537 -.00000021  00000-0  70702-4 0  9998
2 44779  45.0053  80.0292 0011464 280.3550  79.5992 14.02117748352297
0 ZY 3 2
1 41556U 16033A   26271.25852343  .00003329  00000-0  15142-3 0  9997
2 41556  97.3753 344.9997 0011590 301.5465  58.4638 15.21362864573650
0 HJ-2E
1 54035U 22132A   26271.30139383  .00004466  00000-0  20940-3 0  9993
2 54035  97.3845 273.8061 0006370  34.9314 325.2339 15.20163295220108
0 LT-1 01A
1 51284U 22007A   26271.30724263  .00000384  00000-0  47304-4 0  9993
2 51284  97.8110 277.2668 0001596  90.1431 269.9968 14.88415416253815
0 ICEYE-X6
1 46497U 20068M   26271.26166400  .00001365  00000-0  10108-3 0  9997
2 46497  98.1060 269.9383 0008764 101.8132 258.4076 15.04955888328735
0 ASNARO-2
1 43152U 18007A   26271.24675900  .00004494  00000-0  19733-3 0  9999
2 43152  97.3998 276.5767 0001802  92.8891 267.2552 15.22434928483093
0 EGYPTSAT A
1 44047U 19008A   26271.24013928  .00000335  00000-0  60827-4 0  9992
2 44047  98.0095 334.5643 0001053  98.0861 262.0466 14.72301405408400
0 SUPERVIEW-1 03
1 43099U 18002A   26271.29439016  .00013563  00000-0  30614-3 0  9993
2 43099  97.3083 356.1699 0043908 166.5945 193.6480 15.42291357484248
0 HODOYOSHI 4
1 40011U 14033B   26271.30747795  .00000613  00000-0  71640-4 0  9999
2 40011  97.5473  91.1962 0022847 326.9325  33.0462 14.88329913664141
0 HYSIS
1 43719U 18096A   26271.27341506  .00000535  00000-0  80037-4 0  9999
2 43719  97.9747 337.1554 0001621 112.9476 247.1906 14.78668774422653
0 CFOSAT
1 43662U 18083A   26271.29812312  .00002158  00000-0  11432-3 0  9997
2 43662  97.3656 272.8182 0003143 101.9778 258.1808 15.16436868438064
0 COSMOS 2561
1 54109U 22137A   26270.16926956  .00012180  00000-0  18910-3 0  9999
2 54109  96.9067 325.4556 0009698  17.1891 342.9690 15.54047757222179
0 XINGYUN-2 01
1 45602U 20028A   26271.24971637  .00002734  00000-0  16208-3 0  9992
2 45602  97.4954 261.6840 0008129 199.4128 160.6794 15.12179205350417
0 ARCSAT-1
1 52161U 22033E   26270.77968798  .00016934  00000-0  24467-3 0  9992
2 52161  97.2741   4.7382 0005064 161.8305 198.3132 15.56000362251643
0 GLOBAL-13
1 49773U 21115BB  26271.23504120  .00014082  00000-0  25715-3 0  9993
2 49773  53.1955 283.3673 0004031  76.4841 283.6618 15.49710230271725
0 GLOBAL-12
1 49772U 21115BA  26271.18771412  .00027301  00000-0  33956-3 0  9990
2 49772  53.1929 267.0293 0004014  45.4006 314.7335 15.59779745271945
0 SKIF-D
1 54153U 22139D   26270.98425226  .00000047  00000-0  00000-0 0  9991
2 54153  89.9438  96.6291 0007814 160.1759 199.9196  5.00426438 69251
0 OBJECT J
1 51832U 22019J   26271.32174948  .00001177  00000-0  56435-4 0  9992
2 51832  97.3330 331.4319 0007348 219.5635 140.5066 15.20800363253474
0 HAIYANG 1D
1 45721U 20036A   26271.29653865  .00000457  00000-0  17854-3 0  9996
2 45721  98.4625 210.7625 0002254 176.5735 183.5466 14.34202404329758
0 TANSAT
1 41898U 16081A   26271.25539358  .00000374  00000-0  88207-4 0  9997
2 41898  98.5418 274.5938 0020502 354.5774   5.5200 14.60009646519664
0 SHIJIAN 6 03A (SJ-6 03A
1 33408U 08053A   26271.30357789  .00002799  00000-0  14116-3 0  9997
2 33408  97.8330 308.2297 0011562  24.5760 335.6022 15.17985431978605
0 SJ-9A
1 38860U 12056A   26271.21849601  .00000787  00000-0  96527-4 0  9993
2 38860  97.6850 239.5264 0023925 279.1029  80.7479 14.85662092714880
0 KL-ALPHA A
1 44785U 19077A   26271.27556024  .00000095  00000-0  11860-3 0  9994
2 44785  88.9332 211.3091 0011067 157.5952 202.5687 13.56051117339701
0 GAOFEN 3
1 41727U 16049A   26271.31811706  .00000208  00000-0  76353-4 0  9994
2 41727  98.4048 277.5662 0001098 100.0424 260.0890 14.42210863533513
0 LEMUR 2 GREENBERG
1 42837U 17042N   26269.73228136  .00017472  00000-0  52857-3 0  9996
2 42837  97.3853  90.1514 0008200  10.6190 349.5224 15.34230100503947
0 HAIYANG 2D
1 48621U 21043A   26271.31255909  .00000083  00000-0  14934-3 0  9998
2 48621  65.9988  47.9503 0010594 258.4259 101.5620 13.83374302270817
0 GLOBAL-18
1 52196U 22034B   26271.15764241  .00013571  00000-0  24485-3 0  9995
2 52196  52.9787 123.1254 0003183 208.5854 151.4979 15.50088018252919
0 HAIYANG 1C
1 43609U 18068A   26271.29165252  .00000061  00000-0  37300-4 0  9999
2 43609  98.5106 342.0543 0011723 143.1394 217.0599 14.34141664421861
0 OBJECT A
1 53346U 22090A   26271.29151954  .00002193  00000-0  10195-3 0  9992
2 53346  97.3034 336.4112 0001928 170.7949 189.3323 15.20994152230480
0 CENTISPACE-1 S5
1 54020U 22126A   26271.24591183  .00000484  00000-0  12980-3 0  9994
2 54020  54.9985 160.5017 0010283 310.2738  49.7356 14.63159194212126
0 HAIYANG 2C
1 46469U 20066A   26271.33042883 -.00000019  00000-0  56894-4 0  9999
2 46469  65.9989 318.4845 0004771 253.0419 107.0127 13.83375563303764
0 SDGSAT 1
1 49387U 21100A   26271.30226669  .00002273  00000-0  11004-3 0  9990
2 49387  97.2532 314.2773 0007536 271.0156  89.0216 15.19530650271574
0 ODIN
1 26702U 01007A   26215.55524046  .18524984  25409-5  51896-3 0  9990
2 26702  97.3527 260.5021 0013244 271.8135  88.1649 16.44308982396929
0 R2
1 46913U 20081J   26271.03250906  .00005649  00000-0  21312-3 0  9993
2 46913  36.8950 147.0323 0005993  61.5608 298.5744 15.26777388327700
0 GLOBAL-14
1 49469U 21106A   26270.66573705  .00027155  00000-0  38874-3 0  9991
2 49469  42.0034  39.8963 0018339  17.1530 342.9932 15.55419233274065
0 GLOBAL-9
1 47971U 21023G   26270.62998016  .00021476  00000-0  37323-3 0  9995
2 47971  44.9806  33.0686 0005122 278.8103  81.2208 15.50494397310828
0 GLOBAL-16
1 49950U 21120B   26271.09372114  .00020522  00000-0  30016-3 0  9992
2 49950  41.9932 159.5716 0016774 251.2414 108.6611 15.54997891270847
0 OBJECT P
1 54695U 22167P   26271.31223193  .00007175  00000-0  19988-3 0  9997
2 54695  97.6951  85.4413 0007240 107.0911 253.1126 15.37101495211229
0 OBJECT D
1 54254U 22155D   26186.25042549  .04646595  26402-5  79772-3 0  9992
2 54254  97.6143 342.1130 0012127 265.6441  94.3468 16.32834755203202
0 OBJECT J
1 53452U 22098J   26256.58176458  .04156202  25920-5  78205-3 0  9993
2 53452  97.5516  37.5890 0011341 277.2523  82.7483 16.31937210228832
0 OBJECT W
1 51844U 22019W   26122.21654317  .05241160  24727-5  95158-3 0  9995
2 51844  97.3487 219.1886 0012944 269.3704  90.6108 16.32236081232865
0 OBJECT K
1 53453U 22098K   26270.89346878  .13849530  27024-5  15556-3 0  9999
2 53453  97.5637  53.9396 0013387 278.4322  81.5465 16.49659997231059
0 JILIN-01 GAOFEN 3D 5
1 52390U 22046C   26113.45661189  .13701840  27051-5  25569-3 0  9990
2 52390  97.4814 232.7390 0010494 226.4735 133.5697 16.46858889222066
0 JILIN-01 GAOFEN 3D 28
1 52445U 22048C   26231.76789761  .14909016  27188-5  14880-3 0  9996
2 52445  97.5644 353.4732 0013726 259.5161 100.4597 16.50416306239655
0 JILIN-01 GAOFEN 3D 27
1 52444U 22048B   26244.73480940  .08128686  26654-5  38026-3 0  9997
2 52444  97.5749   7.5058 0013337 277.2600  82.7183 16.41785538241642
0 OBJECT H
1 54689U 22167H   26271.30371293  .00006698  00000-0  19197-3 0  9995
2 54689  97.7014  86.0121 0005970 102.2715 257.9197 15.36246341211187
0 OBJECT D
1 54685U 22167D   26271.31453963  .00007471  00000-0  20025-3 0  9999
2 54685  97.6964  87.1509 0003385 106.5798 253.5818 15.38303859211298
0 OBJECT E
1 54686U 22167E   26271.28767097  .00006886  00000-0  20259-3 0  9990
2 54686  97.6941  83.7992 0008403 153.9254 206.2413 15.35393519211139
0 EMISAT
1 44078U 19018A   26271.27552144  .00000147  00000-0  56217-4 0  9997
2 44078  98.4543 329.4493 0017129 267.2214  92.7016 14.43672093394938
0 IRS P6
1 28051U 03046A   26271.33835913  .00000214  00000-0  85127-4 0  9996
2 28051  98.1833 302.7640 0064879  33.5945  22.1500 14.36188628195333
0 RESOURCESAT 2
1 37387U 11015A   26271.19964592  .00000045  00000-0  40681-4 0  9991
2 37387  98.7542 337.8757 0010483 324.8103  35.2381 14.21611519800812
0 ORBCOMM FM 114
1 41179U 15081A   26270.97936493  .00000294  00000-0  98338-4 0  9994
2 41179  47.0038 235.9763 0003194 302.9345  57.1234 14.58952354572769
0 ORBCOMM FM 110
1 41182U 15081D   26271.23912450  .00000308  00000-0  10114-3 0  9996
2 41182  47.0010 234.1326 0002775 209.2494 150.8237 14.58976710572673
0 ORBCOMM FM 117
1 41188U 15081K   26271.11559899  .00000222  00000-0  83156-4 0  9995
2 41188  47.0015  54.1142 0002853 305.1019  54.9599 14.58971161575152
0 ORBCOMM FM 116
1 41189U 15081L   26271.02753417  .00000364  00000-0  11286-3 0  9999
2 41189  47.0012 144.3313 0001227 188.5037 171.5829 14.58973217573951
0 ORBCOMM FM 113
1 41185U 15081G   26270.91517640  .00000216  00000-0  81714-4 0  9998
2 41185  46.9997 144.8651 0001996 314.0089  46.0632 14.58941647573931
0 ORBCOMM FM 112
1 41184U 15081F   26271.07230686  .00000356  00000-0  11126-3 0  9991
2 41184  46.9979 143.6956 0003137 318.6678  41.3970 14.58971071573979
0 ORBCOMM FM 108
1 41187U 15081J   26270.66970865  .00000241  00000-0  87012-4 0  9999
2 41187  47.0049  57.6113 0002503 295.1827  64.8799 14.58988433575041
0 NPP
1 37849U 11061A   26271.24954575  .00000042  00000-0  40972-4 0  9991
2 37849  98.8026 211.4479 0002551  50.2803 309.8597 14.19535487773066
0 DMSP 5D-3 F18 (USA 210)
1 35951U 09057A   26271.24303183  .00000120  00000-0  85361-4 0  9996
2 35951  98.9169 251.8495 0010456 323.9739  36.0728 14.14946037874164
0 YAOGAN 10
1 36834U 10038A   26271.33400503  .00000876  00000-0  10744-3 0  9992
2 36834  97.8938 293.9149 0001579  89.4764 281.0164 14.85605077872526
0 OMNI-M1
1 26857U 01026A   26267.34387208 -.00000008  00000-0  00000-0 0  9994
2 26857  44.8062 222.4123 0014619  70.3553 289.8109  3.92403145209463
0 OCEANSAT 2
1 35931U 09051A   26271.28196891  .00000072  00000-0  74946-4 0  9991
2 35931  98.2440 247.8880 0014624 308.0534  51.9312 13.99666032893755
0 RESOURCESAT 2A
1 41877U 16074A   26271.32168706  .00000318  00000-0  16511-3 0  9995
2 41877  98.7452 343.9375 0003017 126.0031 234.1426 14.21616288508950
0 BRO-9
1 56185U 23054H   26175.37906799  .07090794  24942-5  71735-3 0  9998
2 56185  97.2847  94.7664 0010950 218.4094 141.6426 16.37895961180258
0 ION SCV-010
1 56192U 23054Q   26271.22879859  .00003314  00000-0  12168-3 0  9997
2 56192  97.3610 159.4620 0012228 159.9172 200.2551 15.28581981191922
0 HJ-2B
1 46479U 20067B   26271.27613457  .00000269  00000-0  45739-4 0  9997
2 46479  97.8829 348.2721 0000806  96.4156 263.7146 14.76573081323477
0 PAKTES 1A
1 43529U 18056A   26271.31713216  .00001509  00000-0  12785-3 0  9996
2 43529  98.1373  72.3057 0022835 132.2624 228.0540 14.99448473447379
0 GHOST-1
1 56195U 23054T   26124.84149806  .07462440  25461-5  36773-3 0  9994
2 56195  97.2749  46.6504 0008362 213.6171 146.4601 16.42251804172613
0 PRSS 1
1 43530U 18056B   26271.28549913  .00000905  00000-0  12021-3 0  9997
2 43530  97.7724 336.2510 0001684  81.9869 278.1536 14.82115710443703
0 ENMAP
1 52159U 22033C   26271.28113013  .00000401  00000-0  67005-4 0  9996
2 52159  97.9775 352.0467 0001637  85.8455 274.2941 14.74993783241851
0 OBJECT F
1 51951U 22023F   26271.31072223  .00005749  00000-0  22978-3 0  9994
2 51951  63.4529 282.9383 0136706 342.2520  17.3840 15.18049138253360
0 OBJECT A
1 44879U 19093A   26271.25219803  .00002667  00000-0  24359-3 0  9999
2 44879  97.7763 354.3453 0012567  73.1280 287.1318 14.95852193367454
0 HORUS 2
1 55844U 23032A   26271.24670762  .00003273  00000-0  14071-3 0  9999
2 55844  97.3451 344.5267 0001503 101.8777 258.2629 15.23352961197174
0 ZHUHAI-1 03C
1 44537U 19060D   26154.34607664  .04949776  25886-5  76861-3 0  9994
2 44537  97.5217 325.7139 0012294 266.2592  93.7298 16.33825799375068
0 OBJECT B
1 44880U 19093B   26271.29429366  .00002389  00000-0  21608-3 0  9997
2 44880  97.7779 354.9434 0012162  72.2944 287.9604 14.96330740367474
0 CENTISPACE-1 S4
1 53758U 22108B   26271.21864217  .00000376  00000-0  11187-3 0  9997
2 53758  53.5320 346.2089 0007793 242.1893 117.8293 14.62038023216633
0 ASTROCAST-0203
1 48955U 21059CE  26045.83682367  .07575709  26133-5  12470-2 0  9994
2 48955  97.6232 243.2162 0007618 295.7170  64.3338 16.33418585259417
0 ASTROCAST-0201
1 48954U 21059CD  26041.49206587  .00599618  18965-3  66123-3 0  9992
2 48954  97.6299 238.3377 0005790 246.8019 113.2654 16.09655773258701
0 OBJECT G
1 56749U 23072G   26271.25682656  .00026632  00000-0  37712-3 0  9995
2 56749  97.4755 123.5946 0002169   2.0329 358.0934 15.56471443186461
0 OBJECT C
1 56745U 23072C   26271.26766008  .00022272  00000-0  37112-3 0  9996
2 56745  97.5091 124.6351 0004061  11.3344 348.7999 15.52011309186202
0 OBJECT D
1 56746U 23072D   26267.67037322  .09643457  26001-5  68440-3 0  9992
2 56746  97.4440 133.2223 0007808 257.8814 102.1611 16.40798993186623
0 OBJECT B
1 56744U 23072B   26271.24365877  .00015718  00000-0  32216-3 0  9999
2 56744  97.5127 120.7606 0003733 328.0913  32.0110 15.46151716186013
0 OBJECT E
1 56747U 23072E   26271.27278089  .00019937  00000-0  32394-3 0  9997
2 56747  97.4912 124.7184 0002169  10.7625 349.3673 15.52745304186353
0 YAOGAN 7
1 36110U 09069A   26271.19238638  .00000299  00000-0  48444-4 0  9991
2 36110  97.9897 156.3365 0025850  68.0704 292.3251 14.78087179904847
0 LKW-3
1 43146U 18006A   26271.30064252  .00007055  00000-0  19721-3 0  9993
2 43146  97.6718  76.1222 0001930 319.8661  40.2440 15.37022834484549
0 ZHUHAI-1 03D
1 44538U 19060E   26271.33463432  .00028421  00000-0  41033-3 0  9997
2 44538  97.5483  66.4252 0005690 280.6449  79.4164 15.55918099392085
0 LT-1 01B
1 51822U 22018A   26271.27362058  .00000356  00000-0  44261-4 0  9997
2 51822  97.8111 277.2334 0001535  86.2291 273.9101 14.88407145249041
0 ASO-S
1 54029U 22129A   26271.26990591  .00000091  00000-0  33490-4 0  9998
2 54029  98.2801 274.9018 0015207 132.6452 227.6028 14.52099269210387
0 CBERS-4
1 40336U 14079A   26271.26518205  .00000066  00000-0  37572-4 0  9994
2 40336  98.3425 324.8047 0002005  84.0367 276.1048 14.35515876618741
0 JILIN-01 GAOFEN 2B
1 44836U 19086A   26271.22219972  .00003800  00000-0  17072-3 0  9992
2 44836  97.4791 342.5855 0012659 324.5815  35.4579 15.21697667376152
0 JILIN-01 GAOFEN 2A
1 44777U 19075A   26271.21545788  .00009799  00000-0  23300-3 0  9994
2 44777  97.4921 357.5714 0006971  77.1312 283.0713 15.41839935380743
0 LKW-2
1 43080U 17084A   26271.30818209  .00004614  00000-0  17415-3 0  9990
2 43080  97.1101 306.3171 0001149 167.6212 192.5056 15.27490776487428
0 GAOFEN 3 02
1 49495U 21109A   26271.28342192  .00000198  00000-0  73402-4 0  9991
2 49495  98.4123 277.9331 0003748  53.1502 307.0031 14.42211922255172
0 OBJECT B
1 49316U 21091B   26271.30108179  .00000574  00000-0  30657-4 0  9994
2 49316  97.4470  97.3542 0014475  46.2000 314.0429 15.18982017274636
0 SKYMED 2
1 32376U 07059A   26271.31718785  .00000232  00000-0  35755-4 0  9996
2 32376  97.8909  93.4495 0001366  92.4488 267.6882 14.82157372 17287
0 SKYMED 4
1 37216U 10060A   26271.26235840  .00000346  00000-0  50018-4 0  9995
2 37216  97.8904  93.3969 0001885  82.5005 277.6422 14.82150372859835
0 ZY-1 02D
1 44528U 19059A   26271.31274876 -.00000013  00000-0  11048-4 0  9996
2 44528  98.6624 333.1881 0005349  73.5831 286.5941 14.35284060369135
0 ZY 3
1 38046U 12001A   26081.01541948  .12161018  24301-5  28269-3 0  9999
2 38046  97.1345 157.1435 0011085 256.3350 103.6719 16.45573094790699
0 DAQI 1
1 52257U 22039A   26271.31392480  .00000373  00000-0  91593-4 0  9999
2 52257  98.1539 208.0579 0002684 312.3653  47.7319 14.57727051236968
0 DROID-001
1 56965U 23084AK  26059.12407982  .15531786  27588-5  16146-3 0  9995
2 56965  97.5587 217.3641 0009709 247.4524 112.5754 16.50520813152173
0 GREGOIRE
1 56946U 23084Q   26270.34816553  .00008346  00000-0  21233-3 0  9994
2 56946  97.6380  58.4149 0004884 320.8749  39.2142 15.39858749183421
ORBITER SN3
1 70325C 23084AA  23163.94916919 -.00030105  00000+0 -17221-2 0    05
2 70325  97.5115 280.5512 0011242 209.4974 194.6476 15.12703844    18
0 ION SCV-011
1 56957U 23084AB  26271.12094049  .00003142  00000-0  11229-3 0  9994
2 56957  98.1340 108.0135 0008050  47.1876 313.0038 15.29685976181548
PHOTON-04
1 56959U 23084AD  24052.59633646  .00104154  36959-5  17794-2 0  9998
2 56959  97.5180 171.5922 0433579 190.5235 168.6687 14.87783283 38429
0 GHOST-3
1 56958U 23084AC  26271.22841561  .00014527  00000-0  24927-3 0  9993
2 56958  97.6363  65.6844 0005441 272.5893  87.4735 15.51278317183974
0 BLACKJACK ACES-2
1 56955U 23084Z   26270.88866739  .00004287  00000-0  20874-3 0  9994
2 56955  97.6354  47.0742 0001159  57.7057 302.4289 15.18917566182768
0 BLACKJACK ACES-4
1 56952U 23084W   26030.83958131  .13023617  26890-5  16733-3 0  9999
2 56952  97.5252 190.3044 0012431 258.1516 101.8394 16.48891214147955
0 BLACKJACK ACES-1
1 56956U 23084AA  26271.14231777  .00004523  00000-0  22052-3 0  9996
2 56956  97.6349  47.0883 0001419 111.0884 249.0501 15.18846381132528
0 BLACKJACK ACES-3
1 56950U 23084U   26270.88408872  .00003567  00000-0  17481-3 0  9999
2 56950  97.6363  46.9874 0002343  65.9743 294.1736 15.18811463182758
0 OTTER PUP
1 56933U 23084B   26121.10315365  .08832281  26533-5  37103-3 0  9992
2 56933  97.5520 283.6368 0010821 273.3287  86.6775 16.42636595161864
0 GEISAT PRECURSOR
1 56934U 23084C   26271.32760063  .00004896  00000-0  14256-3 0  9997
2 56934  97.6369  55.8679 0004780 351.0694   9.0463 15.35901554183356
0 VRSS-2
1 42954U 17060A   26271.34159366  .00000999  00000-0  13596-3 0  9997
2 42954  98.1224 305.2496 0020800 117.2780 243.0554 14.80887409483723
0 ZHUHAI-1 03B
1 44536U 19060C   26271.27540153  .00024456  00000-0  30588-3 0  9991
2 44536  97.5622  75.1397 0006674 298.1960  61.8621 15.59791515392360
0 HINODE (SOLAR B)
1 29479U 06041A   26270.65165915  .00000387  00000-0  74801-4 0  9999
2 29479  98.0545 285.2992 0016606 326.8519  33.1645 14.68731183 69913
0 ZINYUAN-3
1 45939U 20051A   26271.32199200  .00001789  00000-0  83357-4 0  9997
2 45939  97.5282 338.3597 0006156  15.7825 344.3601 15.21204109343027
0 YAOGAN 12
1 37875U 11066B   26271.34060926  .00002153  00000-0  82648-4 0  9995
2 37875  97.1055 305.0690 0008874 208.2010 151.8751 15.27453534827781
0 LKW-4
1 43236U 18025A   26271.23742713  .00046025  00000-0  36048-3 0  9992
2 43236  97.6362  90.9325 0001979 273.3739  86.7296 15.71470894476169
0 SPOT 5
1 27421U 02021A   26271.06548224  .00000215  00000-0  55559-4 0  9991
2 27421  97.9761 305.3260 0128482 316.7776  42.3394 14.54818457277804
0 CHUANG XIN 1-02(CX-1-02
1 33434U 08056B   26271.28162171  .00000067  00000-0  42796-4 0  9997
2 33434  98.6088 296.4984 0013884 192.9560 167.1268 14.30170099933354
0 HAIYANG 2B
1 43655U 18081A   26271.31312193  .00000079  00000-0  12024-3 0  9990
2 43655  99.3317 278.5268 0001576  48.3773 311.7514 13.79306348399148
0 SHIJIAN 6 03B (SJ-6 03B
1 33409U 08053B   26271.32647789  .00001281  00000-0  95687-4 0  9990
2 33409  97.8555 292.9301 0020732  55.9131 304.4058 15.04534146978252
0 KOMPSAT 5
1 39227U 13042A   26271.25428972  .00001358  00000-0  10130-3 0  9995
2 39227  97.6211  96.5226 0004132 123.7549 236.4072 15.04506492719357
0 SHIJIAN 6 02B (SJ-6 02B
1 29506U 06046B   26271.31088137  .00001036  00000-0  84599-4 0  9996
2 29506  97.6957 299.6389 0015642  85.9591 274.3421 15.01497043 86212
0 AFR-1
1 56964U 23084AJ  26271.30993740  .00003078  00000-0  11090-3 0  9992
2 56964  97.6428  50.6381 0009758 343.5458  16.5463 15.29335205182980
0 GRUS-1B
1 47934U 21022C   26271.25507113  .00000542  00000-0  49473-4 0  9998
2 47934  97.5194 150.9473 0015569 334.2047  25.8398 14.98905795301334
0 OUTPOST MISSION 1
1 56226U 23084BK  26180.13618669  .14309285  27340-5  11766-3 0  9992
2 56226  97.5783 345.9560 0014201 259.1711 100.7996 16.51722429170951
0 TOMORROW-R2
1 56962U 23084AG  26178.25092823  .08367620  26909-5  30745-3 0  9995
2 56962  97.5928 344.1569 0013162 258.6769 101.3053 16.42951724170684
0 OBJECT AL
1 57200U 23091AL  26271.17333739  .00026792  00000-0  44960-3 0  9995
2 57200  97.4966 349.4596 0004189  46.9967 313.1635 15.51776164180947
0 A-SEANSAT-PG1
1 57197U 23091AH  26271.22353132  .00013139  00000-0  32841-3 0  9991
2 57197  97.4982 343.1938 0007595  75.4904 284.7184 15.40240449180552
0 OBJECT H
1 57173U 23091H   26271.21534394  .00007456  00000-0  25455-3 0  9993
2 57173  97.4938 335.3243 0010735 107.9863 252.2548 15.30562730180052
0 GLOBAL-17
1 49949U 21120A   26271.05094305  .00026321  00000-0  34567-3 0  9997
2 49949  41.9928 153.8940 0018782 260.2803  99.5922 15.57735992270915
0 JILIN-01 KUANFU 01
1 45016U 20003A   26271.19818300  .00001790  00000-0  11034-3 0  9998
2 45016  97.4941 343.1243 0008339 314.7441  45.3110 15.11200603370888
0 GAOFEN DUOMO (GFDM)
1 45856U 20042A   26271.32712140  .00000908  00000-0  13606-3 0  9990
2 45856  97.7637 327.3943 0012448 100.1830 260.0785 14.76876037336236
0 OBJECT D
1 48843U 21050D   26271.25467979  .00001101  00000-0  49995-4 0  9995
2 48843  97.3261 344.9181 0009676 254.2765 105.7405 15.22827499294653
0 COSMOS 2558
1 53323U 22089A   26255.07407622  .09214690  24429-5  34229-3 0  9995
2 53323  97.2053   4.5867 0014198 269.3733  90.5942 16.42755340231631
0 COSMOS 2535
1 44421U 19039A   26271.28742617  .00000618  00000-0  66055-4 0  9993
2 44421  97.5714 295.4878 0007192 221.1745 138.8932 14.92097890392012
0 GAOFEN 3 03
1 52200U 22035A   26271.32536036  .00000295  00000-0  10282-3 0  9999
2 52200  98.4094 278.4258 0000934  94.6203 265.5093 14.42219508235715
0 GLOBAL-19
1 55982U 23041B   26271.20878503  .00007817  00000-0  21238-3 0  9992
2 55982  42.0021 320.9783 0007630   3.3690 356.7200 15.37815165197797
0 ASTROCAST-0103
1 47487U 21006CC  26123.02177090  .09787114  23920-5  21229-2 0  9995
2 47487  97.2367 195.6334 0013101 276.8436  83.1368 16.30381751294121
0 COSMOS 2197
1 22034U 92042A   26271.21112080  .00000044  00000-0  18259-3 0  9997
2 22034  82.5976 163.1259 0013689  42.4227 129.3931 12.64254703578300
0 COSMOS 2484
1 39059U 13001C   26271.25831418  .00000058  00000-0  34548-3 0  9991
2 39059  82.5055 157.8312 0025809 166.5464 193.6310 12.42942767621361
0 GONETS M 05
1 39249U 13048A   26271.31162947 -.00000003  00000-0 -88947-4 0  9999
2 39249  82.4767 279.0921 0016348 352.9812   7.1036 12.42894830591693
0 GONETS M 07
1 39251U 13048C   26271.27270458 -.00000036  00000-0 -32785-3 0  9998
2 39251  82.4838 282.0944 0017195 353.9997   6.0874 12.42917808591644
0 COSMOS 2488
1 39483U 13076A   26271.31379322  .00000038  00000-0  20621-3 0  9997
2 39483  82.4788 104.4383 0018625 230.6263 129.3168 12.42908425578707
0 COSMOS 2489
1 39484U 13076B   26271.29114965  .00000139  00000-0  93479-3 0  9998
2 39484  82.4827 105.8664 0020440 230.6371 129.2898 12.42883370578752
0 COSMOS 2490
1 39485U 13076C   26271.26313084  .00000182  00000-0  12422-2 0  9995
2 39485  82.4772 103.9047 0020613 247.1755 112.7148 12.42881865578681
0 COSMOS 2498
1 39763U 14028C   26271.32603600  .00000026  00000-0  11960-3 0  9999
2 39763  82.4471  44.2769 0021058 207.2305 152.7672 12.42983665560369
0 COSMOS 2497
1 39762U 14028B   26271.27505569  .00000173  00000-0  11752-2 0  9998
2 39762  82.4508  45.8656 0020329 207.7407 152.2590 12.42898403560324
0 COSMOS 2496
1 39761U 14028A   26271.30109527  .00000020  00000-0  72612-4 0  9990
2 39761  82.4463  44.1207 0019740 212.7271 147.2587 12.42881553560325
0 GONETS M 10 (M20)
1 40063U 14036C   26271.26265358 -.00000009  00000-0 -13446-3 0  9994
2 40063  82.5067 243.6386 0020538 278.6139  81.2613 12.42947955555058
0 GONETS M 11 (M21)
1 40552U 15020A   26271.28673654  .00000057  00000-0  34104-3 0  9990
2 40552  82.4894 326.7628 0017232 135.5625 224.6840 12.42881549521546
0 GONETS M 12 (M22)
1 40553U 15020B   26271.25916213  .00000040  00000-0  21813-3 0  9994
2 40553  82.4930 327.9307 0016333 121.1929 239.0754 12.42893883521531
0 GONETS M 13 (M23)
1 40554U 15020C   26271.23389953  .00000043  00000-0  24134-3 0  9990
2 40554  82.4889 326.5311 0015039 107.0044 253.2685 12.42887416521501
0 COSMOS 2507
1 40920U 15050A   26271.26508120  .00000187  00000-0  12808-2 0  9995
2 40920  82.4983  15.4806 0010800 123.9585 236.2523 12.42930038499666
0 COSMOS 2508
1 40921U 15050B   26271.30155186  .00000042  00000-0  23183-3 0  9990
2 40921  82.4937  13.9246 0014917 156.1184 204.0591 12.42918070499652
0 COSMOS 2509
1 40922U 15050C   26271.32442848  .00000096  00000-0  62304-3 0  9994
2 40922  82.4945  14.0233 0015026 172.8122 187.3176 12.42887185499697
0 COSMOS 2530
1 43751U 18097A   26271.25237140  .00000029  00000-0  13681-3 0  9990
2 43751  82.5181 158.3365 0018977 167.8923 192.2617 12.42883540355093
0 COSMOS 2531
1 43752U 18097B   26271.27203038  .00000021  00000-0  79421-4 0  9999
2 43752  82.5228 159.4175 0015774 187.0621 173.0239 12.42914994355116
0 COSMOS 2532
1 43753U 18097C   26271.30052079 -.00000053  00000-0 -45101-3 0  9995
2 43753  82.5171 158.1390 0017135 189.6137 170.4618 12.42911814355088
0 GONETS M 14 (M24)
1 44905U 19096A   26271.32719907  .00000076  00000-0  47590-3 0  9994
2 44905  82.5288  20.6822 0012440 288.0621  71.9103 12.42872935306491
0 GONETS M 15 (M25)
1 44906U 19096B   26271.27531038  .00000148  00000-0  99751-3 0  9992
2 44906  82.5307  21.1910 0014432 312.6645  47.3218 12.42884774306455
0 GONETS M 16 (M26)
1 44907U 19096C   26271.30057106  .00000074  00000-0  46171-3 0  9992
2 44907  82.5254  20.0807 0010525 357.7619   2.3411 12.42894634306441
0 GONETS M 17
1 46486U 20068A   26271.32675721  .00000013  00000-0  19030-4 0  9996
2 46486  82.4930 283.3410 0022795 167.3191 192.8467 12.42887395271972
0 GONETS M 18
1 46487U 20068B   26271.29075064 -.00000017  00000-0 -19615-3 0  9991
2 46487  82.4883 282.4422 0020183 163.6124 196.5612 12.42876669271950
0 GONETS M 19
1 46488U 20068C   26271.26466500 -.00000006  00000-0 -11819-3 0  9994
2 46488  82.4908 282.9281 0013607 176.8598 183.2570 12.42895407272050
0 GONETS M 20
1 47227U 20091A   26271.28306981 -.00000043  00000-0 -38069-3 0  9997
2 47227  82.5008 238.3370 0020182 319.3179  40.6392 12.42896472263885
0 GONETS M 21
1 47228U 20091B   26271.25754589 -.00000030  00000-0 -28910-3 0  9996
2 47228  82.4935 236.9969 0014380 335.7611  24.2791 12.42889030263870
0 GONETS M 22
1 47229U 20091C   26271.31060991 -.00000023  00000-0 -23739-3 0  9997
2 47229  82.4992 237.9104 0020950 314.2497  45.6862 12.42894578263835
0 GONETS-M 23
1 54150U 22139A   26271.29861595  .00000004  00000-0 -44261-4 0  9991
2 54150  82.5019 284.2198 0021316   0.2110 359.8976 12.42893704178455
0 GONETS-M 25
1 54152U 22139C   26271.25818579  .00000017  00000-0  48584-4 0  9998
2 54152  82.5000 283.9759 0020659   9.3822 350.7639 12.42893159178455
0 XINGYUN-2 02
1 45603U 20028B   26271.24761079  .00001248  00000-0  76676-4 0  9995
2 45603  97.5108 275.4752 0009056 279.4635  80.5572 15.11879512350407
0 GONETS-M 24
1 54151U 22139B   26271.27166120  .00000016  00000-0  40750-4 0  9993
2 54151  82.4934 283.2251 0016794  11.8133 348.3338 12.42894566178459
0 ZHUHAI-1 03E
1 44539U 19060F   26271.25346667  .00012548  00000-0  27606-3 0  9992
2 44539  97.5740  65.1078 0005579  20.9096 339.2379 15.44112807391651
0 ARCADE
1 57485U 23109E   23357.86294790  .00014481  00000-0  70660-3 0  9999
2 57485   4.9977 247.6344 0009185  53.8335 306.2623 15.14746534 22250
0 SCOOBII
1 57484U 23109D   24006.48621913  .00017746  00000-0  90245-3 0  9997
2 57484   4.9510 145.7547 0005430 219.0242 140.9473 15.13763583 24325
0 VELOX-AM
1 57482U 23109B   24010.80486117  .00011208  00000-0  52712-3 0  9995
2 57482   5.0045 110.9764 0011546 327.6281  32.3119 15.15302227 25000
0 GALASSIA-2
1 57486U 23109F   23350.85418427  .00009606  00000-0  48048-3 0  9995
2 57486   5.0011 301.3018 0001321 115.2367 244.7878 15.12808902 21185
0 ORB-12 STRIDER
1 57483U 23109C   24010.79410533  .00010603  00000-0  49907-3 0  9993
2 57483   5.0027 110.8465 0013742 325.2209  34.7002 15.15065068 25008
0 NINGXIA-1 5
1 44783U 19076E   26271.08730759 -.00000076  00000-0  34782-4 0  9998
2 44783  45.0045  79.3094 0011265 272.7516  87.2029 14.02097512352215
0 YUNHAI 1
1 41857U 16068A   26271.32299667  .00000322  00000-0  13514-3 0  9992
2 41857  98.5862 281.3835 0004229  87.2459 272.9209 14.32521473516596
0 YUNHAI 1-03
1 53877U 22115A   26271.27243311  .00000191  00000-0  86370-4 0  9991
2 53877  98.5613 268.1336 0005598  93.7723 266.4101 14.32550769210275
0 THEA
1 43796U 18099AQ  26271.15341990  .00012720  00000-0  33904-3 0  9990
2 43796  97.4344 342.0367 0005405 273.8047  86.2580 15.38287658428503
0 METEOR 2-1 DEB
1 57492U 75064F   26270.68978517  .00002921  00000-0  11315-2 0  9994
2 57492  81.2736 256.5975 0012941 138.4432 221.7736 14.29777860417637
0 HORUS 1
1 55690U 23025A   26271.27686550  .00003443  00000-0  14705-3 0  9998
2 55690  97.3376 343.6523 0002300 115.1856 244.9620 15.23539748199744
Optsat 3000
1 42900U 17044A   26243.85443596 0.00005100  00000-0  22571-3 0    01
2 42900  97.3766 305.7096 0005143 131.7291 228.2707 15.21699209    04
0 LANDSAT 7
1 25682U 99020A   26271.24499021  .00000249  00000-0  56078-4 0  9997
2 25682  97.8644 270.1927 0001731  95.7064 321.0801 14.63988785460929
0 GAOFEN 1
1 39150U 13018A   26271.27272912  .00000000  00000-0  72336-5 0  9997
2 39150  97.9009 341.1919 0015798 296.2278  63.7308 14.76546093723451
0 HIBARI
1 49400U 21102F   26271.09446024  .00007139  00000-0  22194-3 0  9991
2 49400  97.3131 315.9023 0010983 184.1307 175.9847 15.33579722269957
0 PAZ
1 43215U 18020A   26271.25676730  .00001225  00000-0  61537-4 0  9996
2 43215  97.4466 277.1844 0001682  89.2141 270.9286 15.19151347476657
0 IMAGE
1 26113U 00017A   26270.84702277  .00000165  00000-0  00000-0 0  9997
2 26113  94.2886 316.6489 7367970 276.3719  12.3270  1.68668681163233
0 HJ-2A
1 46478U 20067A   26271.23863282  .00000484  00000-0  76458-4 0  9996
2 46478  97.8760 347.1322 0002302 309.4198  50.6808 14.76557662323465
0 SHIJIAN 6 04B (SJ-6 04B
1 37180U 10051B   26271.26120476  .00000094  00000-0  12721-4 0  9992
2 37180  97.8758 277.7860 0011788 338.2773  21.7948 14.99484772871125
0 KOMPSAT 3
1 38338U 12025B   26271.29168912  .00000274  00000-0  63656-4 0  9994
2 38338  98.1299 227.0358 0006069 139.8871 220.2779 14.62279652766417
0 FENGYUN 3F
1 57490U 23111A   26271.27581145  .00000014  00000-0  26988-4 0  9996
2 57490  98.6740 339.3127 0001402 109.7468 250.3859 14.19952602163495
0 H2SAT
1 57213U 23093A   26269.98202093  .00000007  00000-0  00000-0 0  9990
2 57213   0.0454  41.1714 0000107 247.6200  71.2339  1.00272623 11932
0 NPSAT1
1 44340U 19036B   26271.22024386  .00003606  00000-0  48369-3 0  9997
2 44340  23.9991 266.2695 0006803 296.2224  63.7573 14.75378385387729
0 QIANKUN-1
1 57422U 23103B   26267.97639872 -.00024399  18657-5 -37134-4 0  9996
2 57422  96.1157 305.4034 0007085 237.8555 122.2042 16.04050039183312
0 CALIPSO
1 29108U 06016B   26271.25509292  .00000625  00000-0  11436-3 0  9996
2 29108  98.4456 290.4390 0001027  72.6479 287.4837 14.69504163 88194
0 TELEOS 2
1 56310U 23057C   26271.13227608  .00003795  00000-0  26678-3 0  9995
2 56310   9.9875 174.6189 0000867 267.6333  92.3782 14.96389172188246
0 TBA - TO BE ASSIGNED
1 81817U          24182.15771271 +.00376921 +00000+0 +50241-2 0  9994
2 81817  65.6833  85.7194 0094637 257.5768 101.4780 15.51588069  4004
0 LAPAN-TUBSAT
1 29709U 07001A   26271.27826804 -.00000204  00000-0 -16657-4 0  9997
2 29709  98.1403 272.8683 0011361 204.8935 155.1733 14.86033762 66460
0 HJ-2F
1 57519U 23116A   26271.26872711  .00003750  00000-0  17632-3 0  9999
2 57519  97.3888 274.6764 0008331 154.6161 205.5485 15.20163601174430
0 ADITYA-L1
1 57754U 23132A   23257.85684028 -.00001335  00000-0  00000-0 0  9992
2 57754  19.2554  17.2188 8437217 354.9359 359.1120  0.99301021    10
0 XRISM
1 57800U 23137A   26270.85305100  .00003039  00000-0  16149-3 0  9994
2 57800  31.0022  54.1798 0007562 281.5560  78.4230 15.13199448168421
0 DMSP 5D-3 F17 (USA 191)
1 29522U 06050A   26271.26630448  .00000090  00000-0  68683-4 0  9996
2 29522  98.7427 275.7506 0011091 118.6255 241.6036 14.15011043 27002
0 BEIDOU 13
1 38251U 12018B   26271.21702503 -.00000015  00000-0  00000-0 0  9996
2 38251  55.5657 300.6001 0014848 274.0834  85.8044  1.86229840 97866
0 BEIDOU 2
1 31115U 07011A   26263.10355439  .00000005  00000-0  00000-0 0  9994
2 31115  50.9044 216.1256 0002591 349.3982  10.5712  1.77349384 77830
0 RADUGA 1M-2
1 36358U 10002A   26271.25529681 -.00000129  00000-0  00000-0 0  9997
2 36358   3.8817  77.5035 0005062 233.2888 332.7406  0.98969120 51047
0 GAOFEN 2
1 40118U 14049A   26271.28055804  .00001017  00000-0  13816-3 0  9993
2 40118  98.0009 335.3363 0005876 256.9090 103.1466 14.81013633654494
0 SJ-7
1 28737U 05024A   26271.09881222  .00004798  00000-0  20776-3 0  9991
2 28737  97.7210 304.0320 0015991  39.3693 320.8702 15.22808706163680
0 DAMPE
1 41173U 15078A   26271.24611131  .00001126  00000-0  40108-4 0  9991
2 41173  97.4595 277.2598 0013727  72.4258 287.8482 15.31003667600316
0 DEIMOS 2
1 40013U 14033D   26271.26994791  .00001957  00000-0  18891-3 0  9996
2 40013  97.5650 142.0607 0001868  57.3347 302.8053 14.93954871653112
0 ZY-1 02E
1 50465U 21131A   26271.31454998  .00000062  00000-0  36582-4 0  9995
2 50465  98.4366 346.1714 0001891 120.8033 239.3339 14.35398397249212
0 VRSS-1
1 38782U 12052A   26271.24729905  .00000775  00000-0  10835-3 0  9993
2 38782  97.6288 242.3806 0016088 260.2300  99.7096 14.80176639754855
0 INDEX
1 28810U 05031B   26270.94731355  .00003456  00000-0  20600-3 0  9991
2 28810  98.0276  39.9397 0020295 120.9810 239.3416 15.11745040146515
0 ION SCV-002
1 47504U 21006CV  26270.94443601  .00009378  00000-0  19179-3 0  9994
2 47504  97.1176 270.8260 0012709  99.9532 260.3153 15.46252743315899
0 RUNNER-1 (TYVAK-1005)
1 56953U 23084X   26271.21293205  .00007229  00000-0  18633-3 0  9991
2 56953  97.6387  57.4570 0006565 311.2344  48.8335 15.39503115183442
0 S6 MICHAEL FREILICH
1 46984U 20086A   26271.22379866 -.00000055  00000-0  26538-4 0  9997
2 46984  66.0395 281.0430 0007918 269.0557  90.9551 12.80929806273522
0 ANSER-FLW1
1 58019U 23155D   26271.20449608  .00038647  00000-0  47006-3 0  9998
2 58019  97.5512   6.4856 0001792  78.3234 281.8223 15.60460378164950
0 ANSER-FLW2
1 58018U 23155C   26271.06787412  .00016726  00000-0  21739-3 0  9998
2 58018  97.5495   5.5718 0001735 121.4778 238.6648 15.58875164164924
0 PRETTY
1 58023U 23155H   26271.17546984  .00004072  00000-0  16663-3 0  9994
2 58023  97.5636 353.7649 0002591  62.0143 298.1356 15.24907786164044
0 CSC-1
1 58022U 23155G   26271.08832690  .00001998  00000-0  12238-3 0  9993
2 58022  97.5265 339.0003 0006451 243.9089 116.1478 15.11314755163272
0 YAOGAN 21
1 40143U 14053A   26271.30816353  .00003839  00000-0  14519-3 0  9998
2 40143  97.1381 307.1501 0009647  87.3755 272.8589 15.27489560670697
0 FORMOSAT-5
1 42920U 17049A   26271.22173672  .00000082  00000-0  31670-4 0  9997
2 42920  98.2173 344.1984 0012531 123.4508 236.7887 14.50910984481619
0 CSC-2
1 58021U 23155F   26271.17927009  .00005937  00000-0  25244-3 0  9999
2 58021  97.5351 348.1870 0003778 221.4202 138.6748 15.23408806163854
0 PVCC
1 58025U 23155K   26271.26790983  .00003616  00000-0  18654-3 0  9991
2 58025  97.5627 347.5570 0005342 125.7915 234.3816 15.16976509163605
0 MACSAT
1 58024U 23155J   26271.17988865  .00002899  00000-0  13290-3 0  9991
2 58024  97.5727 353.7353 0003794  79.0976 281.0686 15.21270791163981
0 NESS
1 58020U 23155E   26271.22801527  .00011458  00000-0  36033-3 0  9993
2 58020  97.5874 359.4779 0005538 182.3020 177.8197 15.33121766164262
0 T2V
1 58016U 23155A   26271.23381830  .00000483  00000-0  67974-4 0  9994
2 58016  97.9108 340.6841 0001379  86.2390 273.8981 14.81736133160686
0 FORMOSAT-7R/TRITON
1 58017U 23155B   26271.16964438  .00001135  00000-0  11941-3 0  9995
2 58017  97.8295 351.8229 0002566  96.7820 263.3691 14.91361573161574
0 OPS 5644
1 10033U 77044A   26271.17976974  .00000169  00000-0  81217-4 0  9996
2 10033  99.1063 324.6370 0036740 290.2506  69.4728 14.31504476382897
0 NOAA 21
1 54234U 22150A   26271.22390600  .00000031  00000-0  35337-4 0  9997
2 54234  98.7119 208.2996 0000654 259.0203 101.0900 14.19550979201168
0 USA 17
1 16625U 86014F   26271.10966676  .00002411  00000-0  24792-3 0  9993
2 16625  63.3025 178.2902 0777694 117.5757 250.6465 13.75218652356971
0 ICESAT-2
1 43613U 18070A   26271.21906262  .00002274  00000-0  82427-4 0  9991
2 43613  92.0004 318.7978 0005997  84.4964 275.6969 15.28280281448199
0 SHIJIAN 6 02A (SJ-6 02A
1 29505U 06046A   26271.29009044  .00001843  00000-0  94337-4 0  9999
2 29505  97.6260 313.1511 0004249 126.1862 233.9764 15.17915163 87900
0 POLAR
1 23802U 96013A   26268.93925484  .00000117  00000-0  00000-0 0  9991
2 23802  80.0113 225.8418 6566234 205.5949  97.1375  1.29845792146163
0 ION SCV-013
1 58300U 23174AW  26271.33021297  .00000829  00000-0  56378-4 0  9990
2 58300  97.6038 325.0075 0097147 204.4793 155.1806 15.05460776157055
0 OBJECT CG
1 58334U 23174CG  26271.20439660  .00043783  00000-0  42778-3 0  9994
2 58334  97.3946   8.6788 0004156 101.7066 258.4661 15.66051499161902
0 SPACEVAN-001
1 58295U 23174AR  26271.26365500  .00028024  00000-0  33003-3 0  9999
2 58295  97.4014  12.5354 0007261  54.6995 305.4940 15.61337020162204
WEDGIERIDE HELLOTEST
1 70324C 23174Z   23315.82508771 -.00009936  00000+0 -55258-3 0    04
2 70324  97.5034  28.7670 0013671 274.8263  81.0817 15.13680427    19
0 PROTOMETHEE
1 58321U 23174BT  26271.27948284  .00004724  00000-0  15217-3 0  9994
2 58321  97.3700 349.2346 0008421 148.7522 211.4223 15.32654596160752
MAVERICK NLAS OMNILER1
1 70331C 23174AG  23315.82598586 -.00017487  00000+0 -98021-3 0    00
2 70331  97.4791  28.7692 0009527 284.7252  76.1239 15.13442431    17
0 UMBRA-07
1 58297U 23174AT  26271.15399609  .00005476  00000-0  33429-3 0  9994
2 58297  97.3691 323.0783 0004513  89.7619 270.4128 15.10693228158956
EQUALIZER03 HERONMK2
1 70375C 23174CC  23315.83661433 -.00026412  00000+0 -14574-2 0    09
2 70375  97.4819  28.7762 0009329 264.3585 154.3842 15.14010932    14
0 BRO-11
1 58264U 23174J   26271.27446855  .00003254  00000-0  12124-3 0  9998
2 58264  97.3830 347.1817 0009749 194.0538 166.0432 15.28130146160490
0 BRO-10
1 58331U 23174CD  26115.38949140  .08188723  24853-5  11659-2 0  9998
2 58331  97.3464 212.6257 0014863 262.6139  97.3468 16.34539426138137
0 GENMAT-1
1 58276U 23174W   26271.21694385  .00006681  00000-0  19114-3 0  9991
2 58276  97.3608 348.9965 0006596 162.8772 197.2696 15.36273665160782
0 IMPULSE-1 MIRA
1 58301U 23174AX  26271.20703541  .00010121  00000-0  25442-3 0  9999
2 58301  97.5153 358.9250 0070391 113.3782 247.4886 15.37582799160716
0 ICEYE-X31
1 58288U 23174AJ  26271.27346049  .00011672  00000-0  32099-3 0  9994
2 58288  97.3699 347.1624 0001229 336.4396  23.6792 15.37351198160572
SUPERDOVE 003 A13
1 70346C 23174AX  23315.82819651 -.00021381  00000+0 -11934-2 0    00
2 70346  97.4860  28.7718 0010077 280.2303  92.6472 15.13591049    11
0 SKYKRAFT-1
1 55041U 23001AJ  26271.27549109  .00075718  00000-0  41611-3 0  9990
2 55041  97.3082 353.6104 0001538  60.8745 299.2676 15.79533745209253
NOSS 3-5 (A)
1 37386U 11014A   26269.16975380 0.00000000  00000-0  00000-0 0    01
2 37386  63.4219  23.5154 0366632 356.6259   3.3741 13.41000111    06
NOSS 3-3 (A)
1 28537U 05004A   26269.80197547 0.00000100  00000-0  69440-4 0    01
2 28537  63.3938 164.9479 0565010   5.3970 354.6030 13.41286853    02
0 SKYKRAFT-1C
1 55061U 23001BE  26271.13799921  .00002079  00000-0  84744-4 0  9991
2 55061  97.3076 322.4827 0011508 136.7075 223.5069 15.25508010207174
0 TIANQI 24
1 57795U 23135D   26271.17492617 -.00000170  00000-0 -50088-5 0  9998
2 57795  49.9726  79.4343 0013328 259.7200 100.2210 14.23183208159298
0 OBJECT T
1 57183U 23091T   26271.20494742  .00003092  00000-0  14756-3 0  9999
2 57183  97.4974 329.1921 0012512 109.6115 250.6472 15.19758326179614
0 GAOFEN-5 02
1 49122U 21079A   26271.29215947  .00000050  00000-0  21042-4 0  9992
2 49122  98.2531 344.8057 0001818  63.2905 296.8480 14.57684125269100
0 SHIJIAN 6 01A (SJ-6 01A
1 28413U 04035A   26271.08560605  .00004965  00000-0  23888-3 0  9994
2 28413  97.5804 298.5267 0007323 129.5527 230.6355 15.19231035203085
0 HAIYANG 3A
1 58349U 23176A   26271.28510054  .00000052  00000-0  34136-4 0  9999
2 58349  98.5390 348.0378 0010672  81.0090 279.2302 14.34145125150092
PICO-1A-1
1 99024U          23325.95555556  .00000000  00000-0  71105-4 0    05
2 99024  97.4837  38.7502 0015373 231.5222 237.3442 15.14398988    06
PICO-1A-2
1 99023U          23325.95555556  .00000000  00000-0  71105-4 0    04
2 99023  97.4837  38.7502 0015373 231.5222 237.3442 15.14398988    05
PICO-1A-3
1 99022U          23325.95555556  .00000000  00000-0  71105-4 0    03
2 99022  97.4837  38.7502 0015373 231.5222 237.3442 15.14398988    04
PICO-1A-4
1 99021U          23325.95555556  .00000000  00000-0  71105-4 0    02
2 99021  97.4837  38.7502 0015373 231.5222 237.3442 15.14398988    03
PICO-1A-5
1 99020U          23325.95555556  .00000000  00000-0  71105-4 0    01
2 99020  97.4837  38.7502 0015373 231.5222 237.3442 15.14398988    02
PICO-1A-6
1 99019U          23325.95555556  .00000000  00000-0  71105-4 0    09
2 99019  97.4837  38.7502 0015373 231.5222 237.3442 15.14398988    00
PICO-1A-7
1 99018U          23325.95555556  .00000000  00000-0  71105-4 0    08
2 99018  97.4837  38.7502 0015373 231.5222 237.3442 15.14398988    09
PICO-1A-9
1 99016U          23325.95555556  .00000000  00000-0  71105-4 0    06
2 99016  97.4837  38.7502 0015373 231.5222 237.3442 15.14398988    07
0 MALLIGYONG-1
1 58400U 23179A   26271.26264308  .00001998  00000-0  87479-4 0  9994
2 58400  97.2834 149.8372 0009317  35.8624 324.3237 15.23132980158444
0 TIANQI 23
1 57794U 23135C   26271.02330899 -.00000029  00000-0  57382-4 0  9999
2 57794  49.9719  79.8900 0013108 258.9702 100.9736 14.23085084159277
0 TIANQI 22
1 57793U 23135B   26271.11786956 -.00000193  00000-0 -14922-4 0  9993
2 57793  49.9680  79.3164 0011870 260.7761  99.1809 14.23166101159281
0 TIANQI 21
1 57792U 23135A   26271.14167041  .00000123  00000-0  12408-3 0  9990
2 57792  49.9717  79.1122 0012930 255.1244 104.8237 14.23166228159295
0 SKYMED 1
1 31598U 07023A   26271.31728389  .00000893  00000-0  81774-4 0  9998
2 31598  97.8818 104.0718 0001174  72.6418 287.4932 14.97488495 45228
0 SPIRIT
1 58468U 23185G   26213.60561876  .06744580  24838-5  47046-3 0  9991
2 58468  97.3119 302.7880 0014157 311.8558  48.1532 16.39916138149835
0 KORSAT 7
1 58463U 23185B   26271.31698111  .00001209  00000-0  99271-4 0  9997
2 58463  97.6364 333.8598 0027065 339.5762  20.4377 15.00794981154756
0 UHETSAT
1 58466U 23185E   26271.27221280  .00004173  00000-0  13589-3 0  9994
2 58466  97.3372 337.8299 0011055 308.0488  51.9756 15.32350881157075
0 ION SCV-015
1 58469U 23185H   26271.29028895  .00004746  00000-0  14579-3 0  9992
2 58469  97.5747   2.6016 0010499  94.1035 266.1407 15.34175509156887
0 LEMUR 2 SPECIAL K
1 48273U 21034F   26233.89258219  .16022440  26738-5  31613-3 0  9991
2 48273  97.5422 327.2581 0014020 269.6226  90.3470 16.46126917292079
0 VENUS
1 42901U 17044B   26271.31602468  .00002695  00000-0  14506-3 0  9991
2 42901  97.2632 303.4670 0003688  30.9461 329.1988 15.15640226496571
0 LKW-1
1 43034U 17077A   26271.29166227  .00004569  00000-0  18676-3 0  9994
2 43034  97.0916 300.0846 0002207 105.5078 254.6404 15.24828419490402
0 ONEWEB-0639
1 55803U 23029H   26271.06693832  .00000079  00000-0  16512-3 0  9996
2 55803  87.9094 284.4712 0001597  52.6592 307.4686 13.19726322172470
0 BANE
1 58465U 23185D   26165.11067950  .14997138  25321-5  30011-3 0  9994
2 58465  97.3104 254.5514 0013007 263.1406  96.8417 16.46170839142369
0 FALCONSAT-10
1 58291U 23174AM  26271.16876536  .00003162  00000-0  11670-3 0  9992
2 58291  97.3722 346.1882 0008416 172.1051 188.0323 15.28472542160490
0 QUAKESAT
1 27845U 03031F   26271.23680719  .00000246  00000-0  12371-3 0  9996
2 27845  98.6660 278.7326 0007424 263.2500  96.7835 14.25015166206280
0 PRISMA
1 44072U 19015A   26271.32704190  .00000277  00000-0  39932-4 0  9993
2 44072  97.8718 344.6137 0001459  86.7878 273.3503 14.83676993407347
0 RISAT-2BR2
1 46905U 20081A   26271.30878953  .00002353  00000-0  18658-3 0  9990
2 46905  36.9004 332.2612 0015936 270.1537  89.7377 15.00960048322973
0 LEMUR 2 JK0903EM1407
1 58336U 23174CJ  26271.22263793  .00021708  00000-0  30395-3 0  9995
2 58336  97.3906   4.9657 0004595 101.6086 258.5685 15.56807165161738
0 HOTSAT-1
1 56954U 23084Y   26271.28942715  .00002944  00000-0  12593-3 0  9994
2 56954  97.6376  47.3247 0000873  38.7107 321.4192 15.23651143182790
0 AAC-AIS-SAT2
1 56996U 23084BY  26271.27233462  .00002211  00000-0  25261-3 0  9994
2 56996  98.1636  53.6932 0057439 122.1390 238.5416 14.85949060168688
0 MISRSAT-2
1 58497U 23187B   26271.26639291  .00000803  00000-0  10424-3 0  9995
2 58497  97.9214 352.3755 0011348 164.0981 196.0592 14.83438353152320
0 ZHEDA PIXING 1C
1 37167U 10047C   26271.23290304  .00001723  00000-0  17874-3 0  9990
2 37167  97.9887 254.0439 0017845 311.3101  48.6580 14.91231837865780
0 AURA
1 28376U 04026A   26271.23624847  .00000517  00000-0  11407-3 0  9991
2 28376  98.3540 228.6083 0001271  66.9840 293.1494 14.61454975181266
0 AQUA
1 27424U 02022A   26271.18000179  .00000510  00000-0  11114-3 0  9996
2 27424  98.4415 242.5890 0001280  63.1099 354.0652 14.62216022298326
0 LEMUR 2 PETERG
1 42841U 17042S   26270.97104499  .00017824  00000-0  47865-3 0  9998
2 42841  97.3996  96.5055 0003182 348.1015  12.0154 15.37986133504211
0 DMSP 5D-3 F16 (USA 172)
1 28054U 03048A   26271.22896102  .00000024  00000-0  36291-4 0  9993
2 28054  98.9850 295.7202 0006528 207.6285 221.1771 14.14492497184052
0 NANOFF B
1 58755U 23185S   26271.25764551  .00002342  00000-0  13679-3 0  9992
2 58755  97.5161 337.2609 0010980 315.0975  44.9367 15.12844080149458
0 EROS B
1 29079U 06014A   26036.62405139  .40100622  32075-5  68134-2 0  9996
2 29079  97.3469 162.1703 0054655 337.2927  22.5949 16.28449932 99495
0 NANOFF A
1 58810U 23185T   26271.25761951  .00002038  00000-0  11963-3 0  9991
2 58810  97.5160 337.2328 0008815 319.8466  40.2113 15.12839022148624
0 GRUS-1A
1 43890U 18111Q   26271.31502361  .00001565  00000-0  13406-3 0  9999
2 43890  97.4362 133.7787 0008088 151.8677 208.2985 14.98897244423157
0 ZY 1
1 38038U 11079A   26271.32079243  .00000256  00000-0  98194-4 0  9996
2 38038  98.3976 336.4236 0006513  10.3016  75.2927 14.38280368774035
0 GPM
1 39574U 14009C   26271.26426515  .00006488  00000-0  14114-3 0  9991
2 39574  64.9711 322.7198 0010843 266.4271  93.5629 15.45164663713730
0 NINGXIA-1 2
1 44780U 19076B   26271.20421559  .00000005  00000-0  87395-4 0  9993
2 44780  45.0074  79.8449 0006815 277.6216  82.3844 14.02129332352317
0 GNOMES-3
1 52158U 22033B   26271.17978124  .00001197  00000-0  14513-3 0  9993
2 52158  97.8152 345.6236 0010407 353.4685   6.6392 14.85383104242629
0 ZHEDA PIXING 1B
1 37166U 10047B   26271.22258071  .00001799  00000-0  18505-3 0  9998
2 37166  97.9599 250.2697 0018050 303.8169  56.1330 14.91502173865772
0 ASTROCAST-0101
1 47430U 21006T   26179.81698145  .05040908  23401-5  19512-2 0  9995
2 47430  97.2027 249.7266 0015329 265.1088  94.8453 16.23711460301821
0 THEOS
1 33396U 08049A   26271.32711510  .00000128  00000-0  79623-4 0  9995
2 33396  98.5465 325.2046 0001295  85.3646 274.7679 14.20144549932600
0 SHIYAN 3 (SY-3)
1 33433U 08056A   26271.06618450  .00000080  00000-0  47399-4 0  9997
2 33433  98.6017 296.5812 0013491 187.0521 173.0474 14.30829390933510
0 NINGXIA-1 3
1 44781U 19076C   26271.04748862 -.00000051  00000-0  51349-4 0  9997
2 44781  45.0004  78.6872 0010404 270.0991  89.8651 14.02014423352293
0 ZHANGHENG 1
1 43194U 18015C   26271.30720582  .00004315  00000-0  19899-3 0  9993
2 43194  97.6966  79.0795 0012963 278.9481  81.0287 15.20749195480318
0 WEIHAI 1-02
1 58925U 24024J   26249.49700662  .15608979  25340-5  14634-3 0  9993
2 58925  97.2766 347.0596 0012612 267.5716  92.4146 16.50953658182632
0 WILDFIRE 5
1 57769U 23133N   26271.26055635  .00000015  00000-0  36753-5 0  9991
2 57769  80.9994 268.8585 0007154  89.0706 271.1271 13.85886536155302
0 RISING 2
1 39769U 14029D   26271.27812414  .00004070  00000-0  33712-3 0  9997
2 39769  97.6452 337.8713 0002467  15.1201 345.0096 14.99405376668993
0 YAOGAN 3
1 32289U 07055A   26271.27959693  .00001298  00000-0  13668-3 0  9996
2 32289  97.8093 300.1306 0001711  87.0533 273.0881 14.91094056 21237
0 TIRSAT
1 58989U 24032C   26271.25543069  .00000786  00000-0  13105-3 0  9996
2 58989  97.9859 327.9105 0005204 163.3167 196.8213 14.72651881140258
0 WILDFIRE 3
1 57758U 23133C   26271.23443887  .00000068  00000-0  49102-4 0  9995
2 57758  80.9927 266.8624 0009714  77.9904 282.2341 13.86292772155370
0 EXO-0
1 59175U 23174DK  26271.16571804  .00006232  00000-0  17841-3 0  9991
2 59175  97.3754 351.4770 0009481 153.4124 206.7608 15.36260231160840
0 TAIJING-1 03
1 58821U 24016B   26242.52870013  .11186211  25770-5  40457-3 0  9999
2 58821  97.4195 346.4111 0014578 271.9897  87.9734 16.42832281145970
0 BNU-1
1 44529U 19059B   26271.29018815  .00000393  00000-0  11723-3 0  9992
2 44529  98.6205  42.3682 0014314  64.1117 296.1549 14.48452656371916
0 SAOCOM 1-A
1 43641U 18076A   26271.29220045  .00000609  00000-0  83021-4 0  9995
2 43641  97.8884  96.5613 0001492  85.0307 275.1076 14.82154102431377
0 HODOYOSHI 3
1 40015U 14033F   26270.90844360  .00000714  00000-0  87878-4 0  9996
2 40015  97.6545  69.9074 0033129  18.6728 341.5694 14.85577350662879
0 METHANESAT
1 59101U 24043D   26271.24045678  .00001762  00000-0  15240-3 0  9994
2 59101  97.8583  42.9044 0010395  33.2924 326.8950 14.98481070140080
0 RROCI-2
1 59106U 24043J   26271.17508556  .00001720  00000-0  14186-3 0  9992
2 59106  97.8553  44.8567 0016757  50.2305 310.0391 15.00286232140208
0 BRO-12
1 59108U 24043L   26271.29620742  .00000689  00000-0  65005-4 0  9999
2 59108  97.8615  42.9207 0008393  17.4938 342.6571 14.97028367140066
0 BRO-13
1 59107U 24043K   26271.31682316  .00001373  00000-0  12516-3 0  9995
2 59107  97.8635  42.7563 0009290  24.9640 335.2029 14.96790796140045
0 LIZZIESAT
1 59132U 24043AL  26270.86098547  .00002936  00000-0  10990-3 0  9999
2 59132  97.5790  48.2381 0009246 239.2440 120.7889 15.28107933142618
JACKAL-01
1 98922C 24043AJ  24064.97064002 -.00029666  00000+0 -15235-2 0    08
2 98922  97.4583 190.2675 0011705 291.9497 116.7363 15.16533473    19
OPTIMUS-2
1 98924C 24043AG  24064.96912382 -.00022852  00000+0 -11726-2 0    03
2 98924  97.4607 190.2683 0012310 292.6704 107.7367 15.16553289    10
JACKAL-02
1 98923C 24043AH  24064.96982752 -.00028660  00000+0 -14603-2 0    00
2 98923  97.4581 190.2667 0012208 286.9284 117.3245 15.16802525    19
0 APEX ARIES 1
1 59129U 24043AH  26270.83366446  .00020331  00000-0  24837-3 0  9992
2 59129  97.5595  67.2649 0004993 173.7943 186.3377 15.60461355143909
0 YAM-6
1 59126U 24043AE  26271.17977476  .00005779  00000-0  15355-3 0  9992
2 59126  97.5713  55.3999 0007169 212.0801 148.0008 15.38655066143143
PYXIS
1 98928C 24043Z   24064.96362498 -.00019857  00000+0 -10212-2 0    04
2 98928  97.4616 190.2622 0012654 293.5426  76.8606 15.16470561    12
ROSE
1 98927C 24043AB  24064.96436803 -.00012115  00000+0 -62395-3 0    05
2 98927  97.4583 190.2622 0012061 295.1627  79.3014 15.16422602    11
0 SENTRY
1 59140U 24043AU  26083.41189137  .04762685  25479-5  11746-2 0  9996
2 59140  97.5148 239.7250 0008888 280.4836  79.5456 16.29150633115421
0 CONTECSAT-1
1 59117U 24043V   26271.27993523  .00003741  00000-0  10892-3 0  9992
2 59117  97.5801  55.3552 0005492 185.6816 174.4366 15.36066171143088
0 PE2_FLT1 (TYVAK-0261)
1 59105U 24043H   26271.16192765  .00001674  00000-0  14838-3 0  9993
2 59105  97.8511  42.1893 0006638  61.2897 298.8991 14.97602197140069
0 PE2_FLT2 (TYVAK-0262)
1 59104U 24043G   26270.89365749  .00001591  00000-0  14126-3 0  9993
2 59104  97.8524  41.9736 0006730  65.5538 294.6385 14.97612623140029
0 MUSAT2
1 59099U 24043B   26270.89424411  .00004444  00000-0  28006-3 0  9990
2 59099  97.8745  52.1197 0006720 354.7522   5.3635 15.09676470140587
VEERY-0E
1 98913C 24043E   24064.95738192  .00070905  00000+0  35639-2 0    04
2 98913  97.4682 190.2519 0011942 275.7224  60.6004 15.17249766    16
0 OBJECT W
1 56866U 23081W   26271.19071009  .00004470  00000-0  17658-3 0  9995
2 56866  97.2788 332.0380 0010609  16.7821 343.3767 15.25965064183732
0 OBSERVER-1A
1 58323U 23174BV  26271.23925316  .00008503  00000-0  21062-3 0  9997
2 58323  97.3894 355.9969 0008728 138.3581 221.8331 15.40625815161064
0 GHOST-4
1 59133U 24043AM  26270.66477261  .00013495  00000-0  27917-3 0  9991
2 59133  97.5743  59.8178 0007011 199.4495 160.6487 15.45901272143350
0 COSMOS 2501 (GLONASS)
1 40315U 14075A   26271.06852012  .00000037  00000-0  00000-0 0  9992
2 40315  63.6162 186.8130 0021870 209.1722 150.7438  2.13101454 92041
0 NAVSTAR 56 (USA 180)
1 28474U 04045A   26271.08243411 -.00000044  00000-0  00000-0 0  9998
2 28474  55.0691 320.7449 0172747 318.9944  92.3212  2.00560315160499
0 NAVSTAR 59 (USA 192)
1 29601U 06052A   26271.12681351  .00000027  00000-0  00000-0 0  9995
2 29601  54.9206 209.9293 0085906  91.1631 269.8130  2.00563689145478
0 LES 5
1 02866U 67066E   26270.64748769 -.00000048  00000-0  00000-0 0  9998
2 02866   2.8561  93.3882 0052332 215.0111  73.9042  1.09425159132158
0 QAEM 100 R/B
1 58818U 24015B   26271.06521424  .00000052  00000-0  46373-4 0  9998
2 58818  64.5014 133.8592 0033711 243.5323 116.2305 14.44334472141763
USA 184
1 29249U 06027A   25061.43605570 0.00000030  00000-0  00000-0 0    01
2 29249  63.5688 295.0503 7092995 274.1647  14.7875  2.00618127    09
0 ICEYE-X38
1 59100U 24043C   26271.33713426  .00003158  00000-0  17968-3 0  9996
2 59100  97.8547  58.0737 0003843  91.9135 268.2535 15.13631130127277
0 ICEYE-X37
1 59102U 24043E   26271.20221225  .00003050  00000-0  20892-3 0  9996
2 59102  97.8458  49.9583 0015442  24.7401 335.4563 15.06765248140594
0 CAS500-1
1 47932U 21022A   26271.27603012  .00003699  00000-0  17394-3 0  9995
2 47932  97.3746 164.3516 0003586 297.7105  62.3766 15.20187295306427
0 ICEYE-X30
1 56947U 23084R   26143.38323289  .14366460  26620-5  36953-3 0  9992
2 56947  97.5435 302.7258 0012790 274.1156  85.8683 16.44816394165060
0 HORACIO
1 59098U 24043A   26271.30634449  .00001571  00000-0  13505-3 0  9996
2 59098  97.8644  43.8564 0010577  42.5257 317.6783 14.98871786140117
0 LEMUR 2 CAEL
1 58903U 24022E   26271.23016591  .00011223  00000-0  24788-3 0  9991
2 58903  97.3945 123.7487 0008713  84.2782 275.9460 15.43993100148221
0 GHOST-5
1 59130U 24043AJ  26270.88566003  .00012230  00000-0  25754-3 0  9998
2 59130  97.5733  59.4828 0006697 198.9915 161.1084 15.45406143143361
0 SJ-9B
1 38861U 12056B   26270.89209989  .00001440  00000-0  14861-3 0  9993
2 38861  97.6106 251.3415 0013832 229.5411 130.4603 14.91632540755031
0 CENTAURI-6
1 59451U 24066K   26270.87167996  .00003258  00000-0  23304-3 0  9995
2 59451  45.6056  77.8666 0002250 256.4147 103.6486 15.06589223135604
0 AAC-AIS-SAT3
1 58997U 23174DJ  26271.29748141  .00001855  00000-0  22223-3 0  9992
2 58997  97.6143 315.4906 0005947 354.8932   5.2222 14.85230305156452
0 OBJECT G
1 58923U 24024G   26111.61655249  .10152892  24702-5  94718-3 0  9998
2 58923  97.2921 208.5414 0015510 249.5484 110.4149 16.38359028124621
0 HAWK-8A
1 59443U 24066B   26270.85606796  .00000797  00000-0  82712-4 0  9994
2 59443  45.6026 105.7265 0003544 241.8693 118.1830 14.99440921135245
0 KORSAT-1
1 59452U 24066L   26271.17418073  .00002007  00000-0  18348-3 0  9998
2 59452  45.4114  70.6402 0006966 257.0334 102.9767 14.98639207135501
0 WSF-M
1 59481U 24070A   26270.76336347  .00000018  00000-0  28704-4 0  9990
2 59481  98.7202 277.3342 0005371  38.1721 321.9836 14.20751393127662
0 COBE
1 20322U 89089A   26270.86175723  .00000105  00000-0  91501-4 0  9995
2 20322  98.9026 271.0872 0009038 147.4904 281.6740 14.05481287889082
0 ACS 3
1 59588U 24077B   26271.18562714  .00021431  00000-0  14923-1 0  9998
2 59588  97.2308 167.5686 0052317 335.0536  24.8105 13.97940127122411
0 NEONSAT-1
1 59587U 24077A   26271.28186270  .00009192  00000-0  22623-3 0  9995
2 59587  97.3443 355.6625 0008147  30.2809 329.8907 15.40800473135593
0 STRIX-3
1 59224U 24047A   26271.26307014  .00004550  00000-0  20953-3 0  9996
2 59224  97.6736 248.6284 0014623  67.7227 292.5557 15.20738659140403
0 ASNARO
1 40298U 14070A   26271.28002238  .00005084  00000-0  24213-3 0  9990
2 40298  97.3372 344.5686 0005698 157.2088 202.9401 15.19555436659665
0 ICEYE-X25
1 56963U 23084AH  26271.32640537  .00025907  00000-0  24514-3 0  9996
2 56963  97.5987  65.3422 0002493 281.4392  78.6588 15.66962813184096
0 YAOGAN 4
1 33446U 08061A   26270.77235730  .00000732  00000-0  95687-4 0  9997
2 33446  97.9342 203.5468 0015685  95.6172 264.6831 14.83359892960871
0 HAWK-9A
1 59446U 24066E   26270.94873036  .00000929  00000-0  93385-4 0  9995
2 59446  45.6089 105.9774 0003513 233.4822 126.5736 14.99397932135253
0 OBJECT H
1 42832U 17042H   26269.42315465  .00003607  00000-0  23295-3 0  9998
2 42832  97.4290  66.5931 0011235 120.8210 239.4126 15.08806197502209
0 EXCITE
1 43819U 18099BP  26271.08449702  .00001124  00000-0  79152-4 0  9990
2 43819  97.3881 305.7642 0018223   4.4029 355.7356 15.06855260427246
0 SHIJIAN 6 04A (SJ-6 04A
1 37179U 10051A   26271.28398316  .00003599  00000-0  17491-3 0  9993
2 37179  97.8235 298.0836 0016827 226.4933 133.4902 15.19014208872596
0 HAIYANG 2A
1 37781U 11043A   26271.32763940  .00000178  00000-0  24679-3 0  9994
2 37781  99.3452 271.4397 0003735  97.6627 262.4945 13.71236960760809
0 SCISAT 1
1 27858U 03036A   26271.20462888  .00000372  00000-0  52082-4 0  9991
2 27858  73.9310 326.6430 0007391 355.1703   4.9400 14.81548423246709
0 NEXSAT-1
1 58921U 24024E   26271.29339105  .00004690  00000-0  14165-3 0  9996
2 58921  97.2965 344.2189 0009771 106.0781 254.1539 15.34699284147702
0 SWARM C
1 39453U 13067C   26271.27682321  .00007755  00000-0  13290-3 0  9992
2 39453  87.3378  16.5288 0002781 101.8342 258.3231 15.51004952722185
0 SWARM B
1 39451U 13067A   26271.22487882  .00002065  00000-0  71859-4 0  9995
2 39451  87.7413 311.0237 0003165  82.9096 277.2513 15.29096265698982
0 SWARM A
1 39452U 13067B   26271.27692437  .00007661  00000-0  13128-3 0  9996
2 39452  87.3375  17.9455 0002786 102.7272 257.4301 15.51006138722220
0 OBJECT B
1 60089U 24116B   26271.22494956  .00001038  00000-0  10771-3 0  9997
2 60089  28.9949 186.1942 0005031   9.8191 350.2500 14.83724943122919
0 ORBCOMM FM 107
1 40087U 14040B   26269.45898325  .00000308  00000-0  10112-3 0  9996
2 40087  47.0061 333.3932 0001953 255.2929 104.7741 14.59025807649214
0 ORBCOMM FM 109
1 40086U 14040A   26270.89509577  .00000221  00000-0  82925-4 0  9999
2 40086  47.0043 325.8600 0002030 302.6170  57.4519 14.58928097649346
0 ORBCOMM FM 118
1 41183U 15081E   26269.01444769  .00000357  00000-0  11146-3 0  9993
2 41183  47.0034 245.0142 0001947 151.5275 208.5717 14.58980883572459
0 HAMMER
1 59148U 24043BC  26271.23460471  .00024806  00000-0  33227-3 0  9995
2 59148  97.5525  65.6263 0003586 186.2202 173.9010 15.57981815143822
0 ICEYE-X36
1 59103U 24043F   26271.20984394  .00003062  00000-0  20502-3 0  9991
2 59103  97.8513  51.2612 0005265 342.4979  17.6066 15.07689505140665
0 LYNK TOWER 1
1 52162U 22033F   26070.14744489  .04219028  24166-5  81675-3 0  9992
2 52162  97.2464 176.1299 0007275 250.4255 109.6255 16.31783425221484
0 TECHEDSAT-11
1 60208U 24125F   26046.49759830  .22159603  22509-5  50511-2 0  9998
2 60208  97.2328 260.3655 0009466 338.6387  21.4511 16.29991395 90512
0 R5-S2
1 60207U 24125E   26271.12294422  .00012500  00000-0  23993-3 0  9990
2 60207  97.2222 122.8391 0013557 207.1116 152.9428 15.48013859125098
0 R5-S4
1 60206U 24125D   26271.15947974  .00011962  00000-0  24694-3 0  9999
2 60206  97.2249 121.8943 0014162 210.0249 150.0190 15.45896225125022
0 OBJECT A
1 60203U 24125A   26271.15280770  .00159354  00000-0  64595-3 0  9992
2 60203  97.1994 133.5109 0006868 157.3395 202.8181 15.85822155125838
0 CATSAT
1 60246U 24125J   26271.16504115  .00100750  00000-0  67896-3 0  9995
2 60246  97.1910 126.0216 0015240 150.2673 209.9461 15.74667694123508
NOSS 3-6 (A)
1 38758U 12048A   26255.11317649 0.00000000  00000-0  00000-0 0    01
2 38758  63.4236 347.0777 0322039 357.6542   2.3457 13.41058725    00
0 GCOM-C
1 43065U 17082A   26271.19972901  .00000082  00000-0  51416-4 0  9993
2 43065  98.6190 343.4379 0001113  95.2154 264.9154 14.27274002456632
0 OBJECT G
1 60241U 24128G   26271.23838345  .00002626  00000-0  18211-3 0  9996
2 60241  61.9897 212.1356 0024870 156.4637 203.7600 15.08148759121851
0 OBJECT C
1 60237U 24128C   26271.20224532  .00002318  00000-0  16633-3 0  9999
2 60237  61.9894 214.6612 0025481 157.3859 202.8364 15.07241584121799
0 3CAT-4
1 60236U 24128B   26271.26530778  .00001058  00000-0  94436-4 0  9994
2 60236  61.9921 226.4677 0027646 162.8056 197.3978 15.02506705121597
0 OBJECT A
1 60235U 24128A   26271.27584869  .00001213  00000-0  10830-3 0  9992
2 60235  61.9933 232.5648 0035092 163.3435 196.8817 15.01492706121484
0 ROBUSTA-3A
1 60243U 24128J   26271.21705343  .00004453  00000-0  26271-3 0  9992
2 60243  61.9863 203.5517 0026649 148.9767 211.2910 15.12841997122000
0 OBJECT H
1 60242U 24128H   26271.19205765  .00004165  00000-0  24063-3 0  9998
2 60242  61.9785 200.5789 0024602 151.7434 208.5003 15.13768794122040
0 OOV-CUBE
1 60240U 24128F   26271.24463745  .00001360  00000-0  11489-3 0  9998
2 60240  61.9934 226.1119 0029910 157.8813 202.3576 15.03134208121604
0 ARIANE 6 R/B
1 60239U 24128E   26271.24207424  .00000707  00000-0  71482-4 0  9990
2 60239  62.0108 233.5992 0028528 160.8880 199.3288 15.00620834121494
0 ICEYE-X26
1 56961U 23084AF  26151.53340426  .07996038  26164-5  98774-3 0  9990
2 56961  97.5464 315.9673 0014332 270.4834  89.4821 16.35905726166626
0 KINEIS-1D
1 60082U 24114D   26271.33167968  .00000369  00000-0  60382-4 0  9990
2 60082  97.9864 290.3460 0001187 155.1678 204.9589 14.76432873122349
0 ALSAT 2A
1 36798U 10035D   26271.29697870  .00000691  00000-0  11080-3 0  9997
2 36798  97.7688 269.6470 0001057  84.7139 275.4191 14.74604801868959
0 KINEIS-1E
1 60083U 24114E   26271.29199347  .00000442  00000-0  64091-4 0  9995
2 60083  97.8923 293.0896 0001684 203.4815 156.6321 14.80783739122645
0 KINEIS-1B
1 60079U 24114A   26271.30941314  .00000525  00000-0  75063-4 0  9994
2 60079  97.9797 294.9957 0003774 111.8419 248.3195 14.80759195122661
0 PNEO4
1 49070U 21073E   26271.27391762  .00000114  00000-0  21129-4 0  9993
2 49070  97.8953 344.5548 0001390  88.9488 271.1884 14.81670700276633
0 KINEIS-1C
1 60081U 24114C   26271.27553021  .00000463  00000-0  66953-4 0  9996
2 60081  97.9815 294.8339 0001303 135.6826 224.4490 14.80756519122637
0 KINEIS-1A
1 60084U 24114F   26271.32667416  .00000675  00000-0  94403-4 0  9995
2 60084  97.8896 293.1906 0004727 149.1330 211.0161 14.80749057122651
0 ICEYE-X4
1 44390U 19038D   26271.31339343  .00007204  00000-0  24081-3 0  9999
2 44390  97.8668 310.4061 0011116 305.8710  54.1497 15.31289861397570
Ofeq 16
1 45860U 20044A   26192.06578033 0.00002200  00000-0  18339-3 0    09
2 45860 141.0845 341.1901 0010440 109.2332 250.7661 14.97770392    02
0 EINSTEIN PROBE
1 58753U 24007A   26271.28910833  .00001857  00000-0  12584-3 0  9997
2 58753  28.9991 262.6751 0009447 215.2142 144.7833 15.02297189149084
0 JASON 3
1 41240U 16002A   26271.22603848 -.00000062  00000-0  63599-6 0  9998
2 41240  66.0396 269.2044 0008616 267.3816  92.6217 12.87627854500512
0 PNEO3
1 48268U 21034A   26271.30769375  .00000332  00000-0  48769-4 0  9992
2 48268  97.8955 344.5926 0001410  89.2920 270.8454 14.81671846292922
0 ICEYE-X21
1 55049U 23001AS  26175.21618542  .01585954  23968-5  60214-3 0  9995
2 55049  97.3001 262.6152 0012377 285.9702  74.0225 16.24069885194757
0 FLOCK 4Q 1
1 58270U 23174Q   26173.35000446  .04501227  24635-5  14221-2 0  9998
2 58270  97.3819 269.3494 0017907 276.3246  83.6006 16.25979091146858
0 OBJECT BQ
1 60530U 24149BQ  26271.20483784  .00001264  00000-0  11568-3 0  9995
2 60530  97.6694 343.9198 0001320  87.7024 272.4349 14.96720320115369
0 CONNECTA IOT-3
1 60475U 24149H   26271.20759894  .00005260  00000-0  21781-3 0  9999
2 60475  97.3654 345.4823 0001447 253.8864 106.2215 15.24350150117494
0 NIGHTJAR
1 60535U 24149BV  26271.17251067  .00002336  00000-0  19492-3 0  9998
2 60535  97.6802 346.4326 0003727  82.0844 278.0802 14.99531039158304
CAPELLA-15 (ACADIA-5)
1 98863C 24149CW  24229.89650970 -.00076976  00000+0 -75840-2 0    02
2 98863  97.7459 305.3851 0005951 140.4822 217.9113 14.92163222    10
0 LEMU-NGE
1 60532U 24149BS  26271.18322666  .00000914  00000-0  88157-4 0  9995
2 60532  97.6758 344.0364 0002215  67.3339 292.8116 14.95285007115349
0 SATELIOT_4
1 60537U 24149BX  26271.18643483  .00000647  00000-0  61222-4 0  9990
2 60537  97.6651 343.6918 0003108  64.8573 295.2970 14.96956329115382
GNOMES-5
1 98841C 24149CP  24229.89561965 -.00076748  00000+0 -76177-2 0    04
2 98841  97.7506 305.3839 0004412 139.6930 213.9132 14.91874103    19
0 DEIMOS
1 60526U 24149BL  26271.19469777  .00013408  00000-0  26064-3 0  9994
2 60526  97.3740 359.0944 0003706 265.2824  94.8003 15.47728169118363
0 SATORO-T2
1 60477U 24149K   26061.88553982  .13776444  25362-5  33611-3 0  9993
2 60477  97.3523 155.3904 0011875 278.2121  81.7834 16.45214830 86646
0 LEMUR 2 TOMATOKECHUP
1 60471U 24149D   26271.23216430  .00006983  00000-0  18948-3 0  9996
2 60471  97.3743 353.6458 0001523 169.7195 190.4081 15.37926258117994
0 WARATAH SEED-1
1 60469U 24149B   26271.16180694  .00009151  00000-0  24469-3 0  9992
2 60469  97.3626 351.9662 0001509 169.5660 190.5617 15.38289118117936
0 PTD-R (TYVAK-0127)
1 60523U 24149BH  26166.10956565  .08494645  25249-5  54306-3 0  9992
2 60523  97.3587 267.1148 0014665 263.0313  96.9318 16.40205066103118
0 TOMORROW-S2
1 60485U 24149T   26271.20507292  .00004760  00000-0  14680-3 0  9997
2 60485  97.3757 351.9992 0001144 251.7283 108.3836 15.34078036117879
0 LEMUR 2 STELLA
1 60533U 24149BT  26271.20123834  .00006343  00000-0  35580-3 0  9998
2 60533  97.6685 354.2203 0001425  92.3137 267.8257 15.13722214116076
0 KANYINI
1 60556U 24149CS  26271.24085071  .00039183  00000-0  45978-3 0  9997
2 60556  97.3673   1.5213 0001915 207.2118 152.9040 15.61395718118544
0 ARCTIC WEATHER SATELLIT
1 60543U 24149CD  26271.18409642  .00000466  00000-0  54095-4 0  9993
2 60543  97.6704 338.6507 0003504 114.6575 245.5008 14.89799191114633
HYPERFIELD-1
1 98848C 24149T   24229.82980947  .00002698  00000+0  13191-3 0    08
2 98848  97.4479 305.4175 0007828 143.5281 212.0284 15.18271070    15
0 TYCHE
1 60496U 24149AE  26271.16120560  .00002758  00000-0  11069-3 0  9996
2 60496  97.3676 347.5368 0000278 318.5421  41.5796 15.25814448117601
0 TANAGER-1 4001
1 60507U 24149AR  26271.00713606  .00011653  00000-0  25776-3 0  9995
2 60507  97.2291   4.6721 0000659  54.6837 305.4473 15.43970412118904
0 ORESAT0.5
1 60525U 24149BK  26271.22765037  .00014878  00000-0  27832-3 0  9991
2 60525  97.3677 359.0558 0003723 253.9742 106.1099 15.48809378118404
0 CONNECTA IOT-1
1 60472U 24149E   26271.18579512  .00004776  00000-0  19768-3 0  9993
2 60472  97.3678 345.7424 0000488 277.1738  82.9444 15.24411407117486
0 SATELIOT_3
1 60552U 24149CN  26271.18798863  .00000709  00000-0  64350-4 0  9994
2 60552  97.6749 346.2379 0006180  93.0589 267.1341 14.98391709115502
0 EAGLEEYE
1 60508U 24149AS  26266.32291028  .12422171  25427-5  23333-3 0  9990
2 60508  97.3364   7.3674 0013278 273.1936  86.7847 16.46500711118496
0 PTD-4
1 60565U 24149DB  26271.22377086  .00014478  00000-0  56649-3 0  9992
2 60565  97.6943   2.7947 0002858  56.7106 303.4405 15.25938080116513
UMBRA-09
1 98832C 24149CY  24229.89677706 -.00077083  00000+0 -76165-2 0    05
2 98832  97.7508 305.3853 0005045 144.5390 215.2800 14.92052535    10
UMBRA-10
1 98833C 24149CT  24229.89609535 -.00076749  00000+0 -75306-2 0    05
2 98833  97.7502 305.3845 0006182 149.9416 206.2190 14.92325966    10
CAKRA-1
1 98861C 24149V   24229.83006873 -.00000033  00000+0 -17114-5 0    05
2 98861  97.4431 305.4181 0005199  77.7796 279.2026 15.16596912    15
0 YAM-7
1 60504U 24149AN  26271.16139063  .00004589  00000-0  14623-3 0  9997
2 60504  97.3719 351.0414 0001768 298.1821  61.9242 15.33047918117828
0 SATELIOT_2
1 60534U 24149BU  26271.19624087  .00000924  00000-0  86008-4 0  9994
2 60534  97.6740 344.2461 0001661  96.6073 263.5337 14.96656618115370
0 LEMUR 2 MARHISYAM
1 60536U 24149BW  26271.22583418  .00005939  00000-0  34049-3 0  9990
2 60536  97.6833 354.7845 0003089 119.1201 241.0339 15.12961537116054
0 CONNECTA IOT-4
1 60524U 24149BJ  26271.18453764  .00019166  00000-0  39011-3 0  9993
2 60524  97.3744 357.0280 0003990 268.6301  91.4492 15.46306972118221
0 CUAVA-2
1 60527U 24149BM  26271.19348663  .00008149  00000-0  21821-3 0  9997
2 60527  97.3668 353.0095 0004860 283.9849  76.0855 15.38275662117990
0 TOMORROW-S1
1 60479U 24149M   26271.17858080  .00006329  00000-0  19449-3 0  9991
2 60479  97.3685 351.3804 0001590 203.1054 157.0117 15.34056298117879
0 BRO-15
1 60553U 24149CP  26271.16444751  .00000879  00000-0  82636-4 0  9992
2 60553  97.6723 344.5654 0009696 101.5087 258.7224 14.96360246115400
0 ERNST
1 60528U 24149BN  26271.19573418  .00009276  00000-0  22266-3 0  9992
2 60528  97.3761 355.8334 0004140 284.2825  75.7962 15.41582491118137
GNA-3
1 98828C 24149S   24229.82957104  .00002964  00000+0  14464-3 0    05
2 98828  97.4467 305.4173 0008238 143.0641 211.1930 15.18340742    10
0 ION SCV-012
1 60573U 24149DK  26271.17428496  .00000410  00000-0  42548-4 0  9992
2 60573  97.6690 342.9875 0004787  95.7904 264.3863 14.95109874115308
0 QUBE
1 60476U 24149J   26271.23422329  .00022378  00000-0  37010-3 0  9994
2 60476  97.3755 359.9956 0002304 184.7532 175.3699 15.52223516118424
0 BRO-14
1 60551U 24149CM  26271.18159017  .00000277  00000-0  29548-4 0  9995
2 60551  97.6795 345.0755 0008034 108.4517 251.7579 14.96359782115391
0 HYPSO-2
1 60531U 24149BR  26271.19966403  .00001209  00000-0  10414-3 0  9996
2 60531  97.6732 345.9459 0000561 351.0370   9.0843 14.99178614115484
0 QPS-SAR-8 AMATERU-IV
1 60542U 24149CC  26271.21061367  .00002912  00000-0  20965-3 0  9990
2 60542  97.6604 349.5187 0004844 112.9251 247.2487 15.04983548115760
0 SATELIOT_1
1 60550U 24149CL  26271.21207639  .00001376  00000-0  12027-3 0  9996
2 60550  97.6657 345.3709 0007780  92.9447 267.2666 14.98377143115498
0 CONNECTA IOT-2
1 60522U 24149BG  26271.17269710  .00005625  00000-0  22869-3 0  9994
2 60522  97.3765 347.7702 0005471 333.3161  26.7795 15.24929992117581
0 IPERDRONE.0
1 60520U 24149BE  26271.25692004  .00221329  20345-4  66756-3 0  9999
2 60520  97.3682  11.0883 0005034 243.9432 116.1324 15.92177290119158
0 OBJECT B
1 60013U 24110B   26271.31182575  .00004779  00000-0  20201-3 0  9993
2 60013  97.5737   8.1355 0009347 245.7492 114.2769 15.23688839127887
0 OBJECT D
1 60015U 24110D   26271.31564436  .00003054  00000-0  12428-3 0  9992
2 60015  97.5764   9.7135 0008301 244.7670 115.2708 15.25284144127975
0 ICEYE-X35
1 58302U 23174AY  26271.28838116  .00054937  00000-0  59146-3 0  9996
2 58302  97.3729 359.4606 0006778 181.9612 178.1622 15.63525727161396
0 UM5-EOSAT
1 60555U 24149CR  26271.17776739  .00002565  00000-0  19997-3 0  9992
2 60555  97.6644 348.7564 0009958 148.6449 211.5371 15.02035984115670
0 UM5-RIBAT
1 60554U 24149CQ  26271.18118681  .00001557  00000-0  12510-3 0  9992
2 60554  97.6360 347.4720 0003532 105.9778 254.1835 15.01454645115640
0 JASON 2
1 33105U 08032A   26271.25183155 -.00000083  00000-0 -81137-4 0  9990
2 33105  66.0387 194.1159 0007908 269.5803 208.0819 12.87697259856970
0 PLEIADES 1B
1 39019U 12068A   26271.32506286  .00000170  00000-0  46328-4 0  9994
2 39019  98.1873 344.9086 0001505 100.6452 259.4917 14.58570167735885
0 OBJECT B
1 59918U 24105B   26271.32635669  .00003049  00000-0  14375-3 0  9991
2 59918  97.5792 287.2492 0010256 242.2509 117.7686 15.20232228128717
0 OBJECT A
1 59917U 24105A   26271.28415156  .00001861  00000-0  96089-4 0  9995
2 59917  97.5828 286.6384 0011974 225.9116 134.1132 15.17540779128661
0 OBJECT A
1 60468U 24149A   26271.17678194  .00005642  00000-0  17202-3 0  9997
2 60468  97.3665 350.8516 0002550 181.7653 178.3582 15.34354176117847
0 LUR-1
1 60506U 24149AQ  26271.20404100  .00004018  00000-0  13566-3 0  9993
2 60506  97.3667 349.3249 0002637 313.2265  46.8755 15.31254119117737
0 SEDNA-1
1 60580U 24149DS  26271.21655986  .00003746  00000-0  24649-3 0  9997
2 60580  97.6577 351.2889 0008630   7.7776 352.3585 15.08148774115912
0 SPACEMOBILE-005
1 61046U 24163B   26271.19215323  .00004293  00000-0  20899-3 0  9996
2 61046  52.9730 195.8597 0010198  64.1278 296.0766 15.20409526113438
0 SPACEMOBILE-004
1 61049U 24163E   26270.23710253  .00013290  00000-0  61440-3 0  9999
2 61049  52.9776 199.7491 0008734 100.4082 259.7897 15.20457196113298
0 SPACEMOBILE-003
1 61045U 24163A   26271.07594890  .00001080  00000-0  63758-4 0  9994
2 61045  52.9726 196.3847 0007434  66.5453 293.6322 15.20391921113425
0 SPACEMOBILE-002
1 61048U 24163D   26265.32485327  .00012946  00000-0  59995-3 0  9992
2 61048  52.9755 222.5793 0007318  52.8355 307.3306 15.20406491112548
0 SPACEMOBILE-001
1 61047U 24163C   26271.19100309  .00000935  00000-0  57181-4 0  9998
2 61047  52.9677 195.5417 0008413  69.7373 290.4525 15.20409876113430
0 CHAMRAN-1
1 61072U 24165B   26270.16509013  .00003457  00000-0  20455-3 0  9994
2 61072  64.0748  66.6179 0061683 301.3039  58.2046 15.11749581112073
0 KINEIS-3A
1 61223U 24172D   26271.19729937  .00001352  00000-0  22141-3 0  9999
2 61223  98.0399   0.0702 0003164 112.9317 247.2224 14.72362279107937
0 PROITERES
1 38756U 12047B   26271.32084553  .00000858  00000-0  11344-3 0  9998
2 38756  98.2339 196.1132 0012111  80.6709 279.5872 14.82661391757598
0 COSMOS 2517 (GEO-IK)
1 41579U 16034A   26271.30788094 -.00000022  00000-0  18836-4 0  9992
2 41579  99.1924 278.1524 0001070  82.7589 277.3689 13.85911420521912
0 ALSAT 1B
1 41785U 16059C   26271.27020262  .00000465  00000-0  81009-4 0  9992
2 41785  97.7788 275.6078 0007785 253.4590 106.5763 14.72340337535749
0 AEROCUBE 16B
1 59291U 24053D   26271.25236380  .00011151  00000-0  22745-3 0  9999
2 59291  49.9897 159.7431 0002280  67.9202 292.2005 15.46663200137129
0 PICO-02H028
1 60570U 24149DG  26034.65741471  .13402933  26327-5  29722-2 0  9992
2 60570  97.6543 132.2173 0012872 299.5702  60.4308 16.30150024 81324
0 PICO-02G027
1 60566U 24149DC  26031.22751986  .13254879  26258-5  28791-2 0  9991
2 60566  97.6610 128.7595 0011638 302.3185  57.6981 16.30422006 80819
0 PICO-02F026
1 60567U 24149DD  26031.90446067  .08775544  25978-5  36338-2 0  9993
2 60567  97.6607 129.8962 0012448 304.2255  55.7855 16.22997613 80917
0 PICO-02A021
1 60538U 24149BY  26270.44705272  .00004421  00000-0  32393-3 0  9994
2 60538  97.6671 348.4129 0005286  40.6224 319.5395 15.04041521115106
0 PICO-02I029
1 60568U 24149DE  26032.89200757  .12298623  26260-5  29726-2 0  9998
2 60568  97.6526 130.3820 0012760 301.4854  58.5192 16.29226916 81058
0 PICO-02C023
1 60564U 24149DA  26044.42348664  .12092122  26305-5  30268-2 0  9995
2 60564  97.6578 142.1406 0012828 296.0281  63.9690 16.28841824 82818
0 ICEYE-X40
1 60549U 24149CK  26271.15685968  .00002980  00000-0  25418-3 0  9992
2 60549  97.6725 345.9870 0006528  95.6459 264.5508 14.98463573115497
0 SHIYAN 2 (SY-2)
1 28479U 04046A   26270.99392671  .00000514  00000-0  10107-3 0  9999
2 28479  98.0601 279.2295 0008300 299.1609  60.8764 14.66648218164872
0 OBJECT BF
1 60521U 24149BF  26202.54104313  .10981040  25523-5  30307-3 0  9998
2 60521  97.3689 301.9473 0013493 271.8896  88.0860 16.44354617108578
0 ALOS-4
1 60182U 24123A   26271.29860858  .00000920  00000-0  13013-3 0  9995
2 60182  97.9222   6.9894 0001457  99.3359 260.8017 14.79468882121129
0 JILIN-01 GAOFEN 2D
1 49256U 21086A   26271.24642955  .00002618  00000-0  17025-3 0  9993
2 49256  97.6596  33.8947 0030985 171.4625 188.7137 15.08500576276271
0 PREFIRE-1
1 59965U 24108A   26271.21102443  .00003424  00000-0  14214-3 0  9992
2 59965  97.5439  66.5489 0009845 235.7938 124.2367 15.24500109128287
0 PREFIRE-2
1 59881U 24099A   26271.12891008  .00002364  00000-0  10758-3 0  9991
2 59881  97.3946 125.6009 0011209 198.2672 161.8163 15.21642317129787
0 HYPERVIEW-1G
1 61772U 24199AP  26230.11543498  .07890463  24672-5  93922-3 0  9997
2 61772  97.2456 114.2453 0006603 245.8477 114.2131 16.36574258144515
0 LYNK TOWER 5
1 59121U 24043Z   26271.12018911  .00004060  00000-0  13515-3 0  9990
2 59121  97.5787  50.7326 0009535 239.3870 120.6431 15.31704267142796
0 SAOCOM 1-B
1 46265U 20059A   26271.25592442 -.00000226  00000-0 -21896-4 0  9992
2 46265  97.8883  95.6267 0001387  83.4748 276.6623 14.82150214328751
0 OBJECT E
1 61231U 24173E   26271.31015087  .00001374  00000-0  68549-4 0  9994
2 61231  97.4120 341.5398 0001684  91.3692 268.7736 15.19164198111412
0 OBJECT A
1 60745U 24153A   26271.33637925  .00069757  00000-0  89556-3 0  9993
2 60745  97.6846  60.2552 0003224 107.7642 252.3965 15.58892874116111
0 LEMUR 2 SIERRINI
1 60579U 24149DR  26271.19844186  .00006553  00000-0  37675-3 0  9996
2 60579  97.6790 354.3574 0005228 171.7308 188.4010 15.12816193116021
0 LEMUR 2 LLOYD
1 60577U 24149DP  26271.21226622  .00005507  00000-0  33437-3 0  9996
2 60577  97.6691 352.4890 0004538 142.7259 217.4286 15.10910681115948
0 OBJECT C
1 57582U 23117C   26271.28889196  .00018073  00000-0  38526-3 0  9996
2 57582  97.4000 353.9565 0005527 212.1602 147.9310 15.44955398174468
0 PROTOSAT-1
1 61793U 24201B   26054.82519766  .00032486  00000-0  11844-2 0  9999
2 61793  43.0012 257.7765 0001473 278.2072  81.8612 15.27591600 72764
0 SUPERVIEW NEO-1 02
1 52322U 22043C   26271.28374267  .00003007  00000-0  15456-3 0  9996
2 52322  97.3310 340.7647 0001656  28.2307 331.9016 15.17212809245202
0 ICEYE-X34
1 58294U 23174AQ  26257.19312473  .17303278  25854-5  23555-3 0  9990
2 58294  97.3830 354.8037 0014160 269.9580  90.0101 16.48341572159806
0 KINEIS-3B
1 61224U 24172E   26271.24814764  .00001339  00000-0  21942-3 0  9992
2 61224  98.0393   0.1369 0003167  99.6438 260.5127 14.72360513108514
0 KINEIS-3C
1 61220U 24172A   26271.23774158  .00001370  00000-0  22428-3 0  9994
2 61220  98.0407   0.0286 0002015 142.3577 217.7772 14.72355531108237
0 KINEIS-3D
1 61221U 24172B   26271.23122376  .00001374  00000-0  22503-3 0  9992
2 61221  98.0407   0.0314 0001946 137.7826 222.3531 14.72345542108514
0 KINEIS-3E
1 61222U 24172C   26271.21306587  .00001198  00000-0  19688-3 0  9993
2 61222  98.0401 359.9918 0001569 116.7939 243.3429 14.72406105108510
0 HONGHU 2
1 58555U 23193C   26271.22883544  .00004278  00000-0  13282-3 0  9990
2 58555  97.2862 261.0195 0039788 271.3092  88.3593 15.33145823117861
0 KINEIS-5E
1 62083U 24219C   26271.27056708  .00000403  00000-0  71446-4 0  9993
2 62083  97.9123  67.3904 0005159 302.4142  57.6566 14.72299947 98935
0 KINEIS-5C
1 62081U 24219A   26271.29307265  .00000424  00000-0  74696-4 0  9993
2 62081  97.9162  67.3601 0003157 328.4343  31.6675 14.72328113 98927
0 CROCUBE
1 62394U 24247T   26270.82959368  .00044319  00000-0  61883-3 0  9990
2 62394  44.9703  37.8205 0010785 288.8731  71.0992 15.56148402 99299
0 LASARSAT
1 62391U 24247Q   26270.67098113  .00038772  00000-0  60857-3 0  9998
2 62391  44.9729  43.5362 0010307 277.5895  82.3826 15.53012395 99219
0 DJIBOUTI-1B
1 62402U 24247AB  26270.31190864  .00118820  00000-0  95819-3 0  9997
2 62402  44.9669  16.2035 0010975 320.0244  39.9846 15.69753255 99508
0 CTC-0
1 62401U 24247AA  26269.64144509  .00020292  00000-0  45848-3 0  9997
2 62401  44.9701  64.4093 0005427 213.7617 146.2926 15.42898724 98873
0 LIZZIESAT-2
1 62383U 24247G   26270.91544724  .00005445  00000-0  18716-3 0  9998
2 62383  44.9903  88.0993 0000891 198.2477 161.8376 15.31189691 98717
0 GITAI-SC1
1 62388U 24247M   26270.97674727  .00003905  00000-0  17869-3 0  9993
2 62388  45.0006 115.4478 0001561 233.2334 126.8404 15.22241035 98396
0 XCUBE-1
1 62400U 24247Z   26270.87680533  .00005603  00000-0  19359-3 0  9992
2 62400  44.9951  89.4894 0001001 121.3032 238.7950 15.30973692 98693
PLEIADES-ORPHEUS
1 98724C 24248D   24356.55167141  .00080857  00000+0  38463-2 0    06
2 98724  44.9996   0.5278 0003834  18.1359 115.7653 15.18415623    15
ONDOSAT-OWL-3
1 98723C 24248B   24356.55128947  .00076199  00000+0  36280-2 0    05
2 98723  45.0051   0.5218 0002526   5.6654 126.1680 15.18390130    19
ONDOSAT-OWL-4
1 98722C 24248B   24356.55128947  .00076199  00000+0  36280-2 0    04
2 98722  45.0051   0.5218 0002526   5.6654 126.1680 15.18390130    18
ONDOSAT-OWL-6
1 98720C 24248B   24356.55128947  .00076199  00000+0  36280-2 0    02
2 98720  45.0051   0.5218 0002526   5.6654 126.1680 15.18390130    16
ONDOSAT-OWL-7
1 98719C 24248B   24356.55128947  .00076199  00000+0  36280-2 0    00
2 98719  45.0051   0.5218 0002526   5.6654 126.1680 15.18390130    14
ONDOSAT-OWL-5
1 98721C 24248B   24356.55128947  .00076199  00000+0  36280-2 0    03
2 98721  45.0051   0.5218 0002526   5.6654 126.1680 15.18390130    17
ONDOSAT-OWL-8
1 98718C 24248B   24356.55128947  .00076199  00000+0  36280-2 0    09
2 98718  45.0051   0.5218 0002526   5.6654 126.1680 15.18390130    13
ONDOSAT-OWL-9
1 98717C 24248B   24356.55128947  .00076199  00000+0  36280-2 0    08
2 98717  45.0051   0.5218 0002526   5.6654 126.1680 15.18390130    12
0 OBJECT J
1 62385U 24247J   26270.35191774  .00069473  00000-0  80934-3 0  9993
2 62385  44.9984  29.8134 0007503 289.3079  70.7005 15.60808829 99367
ONDOSAT-OWL-10
1 98716C 24248B   24356.55128947  .00076199  00000+0  36280-2 0    07
2 98716  45.0051   0.5218 0002526   5.6654 126.1680 15.18390130    11
ONDOSAT-OWL-12
1 98714C 24248H   24356.55243530  .00075084  00000+0  37160-2 0    01
2 98714  45.0011   0.5205 0005283 101.7631  36.3233 15.17035563    18
0 TANSTAAFL-2
1 62378U 24247B   26270.82500671  .00006038  00000-0  20697-3 0  9995
2 62378  44.9852  89.7065 0002487 233.1783 126.8873 15.31109183 98681
0 WREN-1
1 60478U 24149L   26271.21487910  .00015468  00000-0  32498-3 0  9998
2 60478  97.3714 356.6654 0003039 235.2051 124.8913 15.45428112118210
0 KINEIS-5A
1 62084U 24219D   26271.31528141  .00000445  00000-0  78095-4 0  9997
2 62084  97.9061  67.6629 0004023 356.4796   3.6382 14.72244345 98947
0 FLOCK 4Q 25
1 58303U 23174AZ  26175.56425065  .05358312  24493-5  15889-2 0  9997
2 58303  97.3556 271.9367 0015569 274.8178  85.1337 16.26827539147260
0 NOVASAR 1
1 43619U 18071B   26271.24060661  .00000322  00000-0  33241-4 0  9997
2 43619  97.4880 139.2466 0001843  88.6673 271.4760 14.96327595438346
0 OBJECT J
1 44887U 19093J   26271.29719212  .00001038  00000-0  10650-3 0  9991
2 44887  97.7878 354.5996 0013900  91.6001 268.6811 14.92510057367361
0 OBJECT A
1 56731U 23069A   26271.28719076  .00007172  00000-0  16319-3 0  9990
2 56731  40.9947 282.9702 0005998 305.1752  54.8510 15.43200528188977
0 HELIOS 2A
1 28492U 04049A   26271.16462421  .00000940  00000-0  74847-4 0  9993
2 28492  98.2465 331.5324 0002519  19.6974 340.4346 15.03067089169239
0 SDX02
1 62460U 24253B   26271.24593073  .00393951  76691-4  77242-3 0  9993
2 62460  54.9911 213.6899 0006130 104.0917 256.0820 15.99634223 98823
0 OBJECT G
1 62615U 25009G   26271.20400730  .00003740  00000-0  14441-3 0  9991
2 62615  97.3876 350.0692 0005158 338.1884  21.9135 15.26881771 94517
0 SCOT-1 (SCOT)
1 62617U 25009J   26271.24768748  .00103654  00000-0  81081-3 0  9992
2 62617  97.3792   3.4345 0004015 249.3052 110.7780 15.71292590 95431
0 SIGI
1 62632U 25009Z   26271.20424276  .00003453  00000-0  13893-3 0  9992
2 62632  97.3939 350.1913 0002022 335.0111  25.1029 15.25566607 94503
AE1C
1 98698C 25009AC  25014.83766502 -.00021035  00000+0 -10542-2 0    04
2 98698  97.4475  97.5422 0001817 346.3714   4.2416 15.17445628    13
0 CENTAURI-8
1 62714U 25009DK  26271.22033485  .00002155  00000-0  18592-3 0  9992
2 62714  97.6974 349.9664 0002629 146.2780 213.8610 14.98321994 92903
0 TROLL
1 62658U 25009BB  26271.21850721  .00005817  00000-0  19223-3 0  9998
2 62658  97.3833 352.6223 0001826  55.4344 304.7069 15.31763255149211
0 FIREFLY-1
1 62701U 25009CW  26271.25589833  .00000616  00000-0  64997-4 0  9995
2 62701  97.6991 347.2023 0003721  22.7156 337.4228 14.92768016 92695
0 IRIS-F2
1 62684U 25009CD  26271.21951606  .00003659  00000-0  13340-3 0  9997
2 62684  97.3822 350.0641 0004666   5.1271 355.0016 15.28798568152193
0 CONNECTA IOT-6
1 62709U 25009DE  26270.78015599  .00000760  00000-0  75695-4 0  9990
2 62709  97.6944 347.1700 0002822 125.0052 235.1434 14.94460858 92682
0 OBJECT AZ
1 62656U 25009AZ  26271.19324260  .00008700  00000-0  25622-3 0  9991
2 62656  97.3890 354.4044 0000855  28.9367 331.1924 15.35289734 94812
0 ANSER-LS
1 62644U 25009AM  26271.19728842  .00052837  00000-0  67289-3 0  9997
2 62644  97.3934   1.0437 0000459 253.1335 106.9871 15.59180248 95193
0 EDISON-1
1 62610U 25009B   26271.20836860  .00007601  00000-0  23479-3 0  9994
2 62610  97.3947 353.7046 0003745 310.2468  49.8447 15.33817594 94732
0 ION SCV-016
1 62628U 25009V   26271.04882171  .00015332  00000-0  31352-3 0  9990
2 62628  97.4202 298.0752 0574175 140.1393 224.3483 14.54748016 90480
0 FIREFLY-3
1 62710U 25009DF  26271.21241136  .00000823  00000-0  85014-4 0  9995
2 62710  97.6983 347.1796 0003369 161.0855 199.0490 14.92752407 92705
MBZ-SAT
1 98674C 25009CG  25014.85335368 -.00028416  00000+0 -14374-2 0    09
2 98674  97.4449  97.5567 0004302 350.8244  85.4133 15.17118511    13
0 CONNECTA IOT-5
1 62703U 25009CY  26271.20794745  .00001377  00000-0  13317-3 0  9996
2 62703  97.6953 347.8072 0003707  84.4587 275.7057 14.94382471 92752
0 PAUSAT-1
1 62653U 25009AW  26271.20338408  .00002686  00000-0  11311-3 0  9996
2 62653  97.3886 349.3876 0001276  30.5985 329.5327 15.24214596 94475
0 FOSSASAT2E19 (TAT-E)
1 62676U 25009BV  26271.17349734  .00001913  00000-0  87803-4 0  9993
2 62676  97.3889 347.6013 0004679 357.0885   3.0323 15.21606732 94354
0 GESAT GEN 1
1 62612U 25009D   26271.20288542  .00005618  00000-0  19561-3 0  9997
2 62612  97.3962 352.7265 0001132  90.5513 269.5857 15.30082793 94660
FGN-100-D1
1 98687C 25009AY  25014.84044280 -.00019460  00000+0 -99700-3 0    08
2 98687  97.4431  97.5453 0005248   2.3104   3.4723 15.16661346    19
0 IRIDE-MS2-HEO-1
1 62697U 25009CS  26271.19745890  .00000812  00000-0  79998-4 0  9994
2 62697  97.6967 347.5702 0003120  49.3640 310.7851 14.94696094 92723
0 CENTAURI-7
1 62708U 25009DD  26271.18977925  .00001747  00000-0  15150-3 0  9999
2 62708  97.7044 350.1611 0001306 110.2546 249.8817 14.98373455 92887
0 CONNECTA IOT-8
1 62695U 25009CQ  26271.16239474  .00001626  00000-0  16007-3 0  9990
2 62695  97.7002 346.9323 0003389  43.3541 316.7945 14.93418490 92669
HCT-SAT1
1 98704C 25009F   25014.83534905  .00068746  00000+0  35684-2 0    04
2 98704  97.4375  97.5434 0007807 358.9793 339.0183 15.16156833    10
0 FOSSASAT2E18 (TAT-A)
1 62686U 25009CF  26271.20257345  .00001850  00000-0  85286-4 0  9997
2 62686  97.3900 347.6928 0005448 351.8280   8.2866 15.21490529 94354
0 ION SCV-014
1 62630U 25009X   26271.20765646  .00001490  00000-0  10777-3 0  9996
2 62630  97.4765 341.2409 0005752 136.7398 223.4282 15.05487907 93489
0 FLOCK 4G 24
1 62637U 25009AE  26271.22901639  .00006815  00000-0  22563-3 0  9991
2 62637  97.3968 353.2130 0001509 285.3243  74.7831 15.31638977 94695
0 SKYBEE-A01
1 62671U 25009BQ  26271.16032340  .00001745  00000-0  80783-4 0  9992
2 62671  97.3914 347.9073 0004699 351.2070   8.9083 15.21418248151995
TES-22
1 98666C 25009L   25014.83574604 -.00010467  00000+0 -52001-3 0    03
2 98666  97.4423  97.5417 0001532  57.4927 282.6581 15.17748918    18
FUSION-1
1 98681C 25009BJ  25014.84271711 -.00020443  00000+0 -10190-2 0    01
2 98681  97.4418  97.5469 0001296 323.0292  55.1664 15.17636624    15
0 BRO-16
1 62654U 25009AX  26271.21072676  .00002411  00000-0  10074-3 0  9991
2 62654  97.3995 350.4306 0000761   3.9109 356.2134 15.24576688 94496
0 IMPULSE-2 MIRA
1 62673U 25009BS  26271.21101244  .00004061  00000-0  17901-3 0  9995
2 62673  97.4171 343.5082 0004064 136.8195 223.3361 15.22362765152273
0 FIREFLY-2
1 62704U 25009CZ  26271.16660318  .00000979  00000-0  10019-3 0  9993
2 62704  97.6947 346.8440 0008190  94.3664 265.8492 14.92722904 92683
0 CONNECTA IOT-7
1 62715U 25009DL  26271.15994704  .00001769  00000-0  16944-3 0  9994
2 62715  97.7009 348.0000 0001508 150.1398 209.9909 14.94409332 92728
0 ELEVATION-1
1 62677U 25009BW  26271.19647386  .00020694  00000-0  40914-3 0  9998
2 62677  97.3748 357.9845 0002269 302.0404  58.0625 15.47145098152728
0 IRIS-F3
1 62619U 25009L   26271.21628650  .00003247  00000-0  12025-3 0  9997
2 62619  97.3987 351.3155 0005037 332.3817  27.7154 15.28363894 94552
AE1D
1 98699C 25009BE  25014.84167544 -.00009434  00000+0 -48873-3 0    05
2 98699  97.4431  97.5464 0006959   6.4598   6.0504 15.16257108    19
0 RAY 1.0
1 62627U 25009U   26271.24254262  .00002084  00000-0  96371-4 0  9998
2 62627  97.3913 347.6984 0006980 276.2684  83.7756 15.21249091 94346
0 LIME
1 62648U 25009AR  26271.17430918  .00007164  00000-0  22915-3 0  9993
2 62648  97.3901 353.2264 0001696  31.8318 328.3026 15.32728129 94735
0 BALKAN-1
1 62611U 25009C   26271.18607407  .00004676  00000-0  18365-3 0  9992
2 62611  97.3853 349.1752 0005781 345.2933  14.8136 15.26176678 94469
WINNEBAGO-2
1 98664C 25009BW  25014.84558632 -.00017803  00000+0 -90784-3 0    06
2 98664  97.4430  97.5496 0004319   4.1608  29.6918 15.16831206    17
0 ICEYE-X33
1 60548U 24149CJ  26271.23274176  .00002849  00000-0  22660-3 0  9995
2 60548  97.7517 349.9844 0001336  66.3752 293.7612 15.01231645115661
0 SATGUS
1 62713U 25009DJ  26271.20446601  .00003354  00000-0  25810-3 0  9990
2 62713  97.6874 351.6347 0005051 115.7972 244.3775 15.02352901 93028
0 ORBASTRO-PC-1
1 58258U 23174C   26271.28749105  .00021301  00000-0  33590-3 0  9999
2 58258  97.3740 359.8943 0006711 138.7321 221.4441 15.53539514161457
0 LEMUR 2 ROCINANTE
1 59147U 24043BB  26024.87567953  .04062886  24694-5  25479-2 0  9996
2 59147  97.4905 173.6716 0011273 298.4507  61.5644 16.17664757106061
0 CENTISPACE-1 S12
1 62581U 25007G   26271.27218109 -.00000068  00000-0  69060-4 0  9994
2 62581  54.9766 290.8468 0014388 336.5763  23.4537 13.80622946 88972
0 CENTISPACE-1 S7
1 62576U 25007B   26271.26510247 -.00000077  00000-0  60128-4 0  9991
2 62576  54.9761 291.4798 0010611 268.5169  91.4571 13.80624708 88952
POQUITO
1 98706U 25009BY  25021.90669764  .00000000  00000-0 -14212-2 0    09
2 98706  97.4429 104.2661 0003354 352.9277  63.3351 15.17186318    09
PROMETHEUS-1
1 98705U 25009BY  25021.90669764  .00000000  00000-0 -14212-2 0    08
2 98705  97.4429 104.2661 0003354 352.9277  63.3351 15.17186318    08
Sedna-2
1 98661U 25009BY  25021.90669764  .00000000  00000-0 -14212-2 0    09
2 98661  97.4429 104.2661 0003354 352.9277  63.3351 15.17186318    09
SKYLINK-1
1 98657U 25009BY  25021.90669764  .00000000  00000-0 -14212-2 0    04
2 98657  97.4429 104.2661 0003354 352.9277  63.3351 15.17186318    04
SKYLINK-2
1 98656U 25000XX  25023.57810304  .00004178  00000-0 -29254-4 0  9998
2 98656  97.4594 106.1273 0002517 218.8660 320.9107 15.16419471 59106
0 CENTISPACE-1 S9
1 62578U 25007D   26271.27964611 -.00000087  00000-0  50721-4 0  9991
2 62578  54.9822 291.7854 0009496 280.3170  79.6716 13.80623781 88950
0 CENTISPACE-1 S10
1 62579U 25007E   26271.22872745 -.00000072  00000-0  65183-4 0  9995
2 62579  54.9886 291.1967 0009586 302.1038  57.8987 13.80625662 88965
0 CENTISPACE-1 S13
1 62582U 25007H   26271.25758242 -.00000083  00000-0  54852-4 0  9990
2 62582  54.9805 291.0419 0009263 291.6281  68.3688 13.80627386 88965
0 CENTISPACE-1 S16
1 62585U 25007L   26271.21794623 -.00000058  00000-0  78323-4 0  9993
2 62585  54.9879 291.0742 0010646 293.8732  66.1109 13.80535279 88941
Unknown 99695
1 99695U 22795A   24210.87969498 0.00002750  00000-0  31027-3 0    05
2 99695  98.3105  77.0130 0010041  92.1123 267.8876 14.86599274    07
0 CENTISPACE-1 S1
1 43636U 18075A   26271.24996300  .00000281  00000-0  67440-4 0  9990
2 43636  97.8697 289.8502 0009246 148.7923 211.3829 14.60077794425595
0 HAIYANG 4A
1 61936U 24208A   26271.28878542  .00000265  00000-0  48698-4 0  9995
2 61936  98.0072 277.6509 0001414 116.7582 243.3770 14.73295932100629
0 SDX01
1 62459U 24253A   26271.23978507  .00415102  84483-4  80207-3 0  9995
2 62459  54.9909 213.6407 0006095 103.3186 256.8550 15.99885098 98830
0 OTTER
1 62623U 25009Q   26271.22882571  .00006536  00000-0  21693-3 0  9992
2 62623  97.3971 353.0887 0003238 316.0052  44.0932 15.31573295 94684
0 BLUEBON
1 62688U 25009CH  26271.22372770  .00004907  00000-0  16076-3 0  9997
2 62688  97.3933 354.0767 0001214  37.0432 323.0893 15.32125933 94741
0 FOSSASAT2E20 (TAT-O)
1 63003U 25009DN  26271.23354727  .00008447  00000-0  27536-3 0  9998
2 63003  97.3082 345.6367 0001964 353.8826   6.2391 15.32055157152274
0 TOMORROW-S3
1 62392U 24247R   26271.21962822  .00005388  00000-0  19063-3 0  9997
2 62392  45.0005  88.8457 0003810 223.8938 136.1644 15.30266412 98737
0 ICEYE-X47
1 62389U 24247N   26267.14188567  .00002086  00000-0  12716-3 0  9996
2 62389  44.9976 188.2002 0000928  91.6842 268.4142 15.13934046 97176
0 TOMORROW-S4
1 62386U 24247K   26270.20401571  .00006529  00000-0  22848-3 0  9990
2 62386  44.9791  94.1674 0005239 260.8119  99.2173 15.30304329 98578
0 ICEYE-X49
1 62384U 24247H   26267.17695094  .00003572  00000-0  21016-3 0  9996
2 62384  45.0020 188.5673 0001696 260.3354  99.7333 15.13516865 97178
0 HAWK-11A
1 62382U 24247F   26270.87451657  .00005058  00000-0  17290-3 0  9990
2 62382  44.9929  84.9249 0001492 117.8402 242.2634 15.31512985 98746
0 HAWK-11C
1 62381U 24247E   26270.87443983  .00004652  00000-0  15983-3 0  9998
2 62381  45.0028  85.6722 0001969 109.8700 250.2397 15.31510713 98744
0 HAWK-11B
1 62379U 24247C   26270.87489910  .00004803  00000-0  16469-3 0  9993
2 62379  45.0148  86.4206 0001574 144.8565 215.2424 15.31512696 98744
0 GLOBAL-31
1 63027U 25033B   26271.23975507  .00007744  00000-0  21159-3 0  9990
2 63027  58.9969 259.6627 0014043 114.9509 245.3028 15.38270804 90184
0 ICEYE-X43
1 60539U 24149BZ  26271.16918189  .00002453  00000-0  20165-3 0  9995
2 60539  97.6745 346.6970 0010736  60.9899 299.2399 15.00041362115558
0 ICEYE-X7
1 46496U 20068L   26271.30661120  .00006179  00000-0  19392-3 0  9992
2 46496  97.7617 242.7352 0006251 337.6535  22.4433 15.33412658330584
0 SJ-20
1 44910U 19097A   26270.12801703  .00000156  00000-0  00000+0 0  9994
2 44910   5.1734  73.7475 0003076 165.8161 212.7237  1.00268376 24729
0 KORSAT-2
1 62377U 24247A   26270.37632594  .00002534  00000-0  22555-3 0  9996
2 62377  45.4099 258.0467 0001139   2.0470 358.0413 14.98827509 96896
0 EZIE-A
1 63247U 25052AP  26271.27027686  .00001721  00000-0  15079-3 0  9998
2 63247  97.6752 161.7531 0001790 175.8658 184.2580 14.97966017 84090
0 EZIE-B
1 63250U 25052AS  26271.26657850  .00002245  00000-0  19553-3 0  9996
2 63250  97.6763 161.8047 0002696 173.8997 186.2259 14.97904815 84092
0 EZIE-C
1 63249U 25052AR  26271.26838889  .00001988  00000-0  17354-3 0  9997
2 63249  97.6732 161.6077 0001464 197.9935 162.1236 14.97935378 84094
0 SOAP
1 63263U 25052BF  26271.22802317  .00001601  00000-0  14332-3 0  9991
2 63263  97.6692 161.7088 0002349  26.6426 333.4916 14.97211922 84106
0 DROID.002
1 63223U 25052P   26271.20656135  .00003401  00000-0  14476-3 0  9999
2 63223  97.3774 162.4105 0005408 118.2411 241.9373 15.23653952 85552
FIRESAT0
1 98629C 25052AV  25074.37845660 -.00064114  00000+0 -63976-2 0    08
2 98629  97.7513 329.5442 0001490 243.0693  67.3673 14.91664457    18
0 ARVAKER-1
1 63252U 25052AU  26271.24156157  .00001910  00000-0  18037-3 0  9994
2 63252  97.6716 160.2616 0001302 199.5335 160.5836 14.94886497 84000
0 IOD1_STARTICAL
1 63212U 25052C   26271.26573382  .00203166  00000-0  13462-2 0  9998
2 63212  97.3634 177.1861 0008878 109.1286 251.0941 15.74877916 86570
0 AEROCUBE 18B
1 63222U 25052N   26271.21558399  .00003755  00000-0  15167-3 0  9992
2 63222  97.3811 163.3262 0005977 115.4903 244.6954 15.25359258 85596
0 AEROCUBE 18A
1 63220U 25052L   26271.24394910  .00004188  00000-0  16833-3 0  9992
2 63220  97.3806 163.3784 0005636 110.8641 249.3201 15.25460923 85608
0 CLARITY-1
1 63227U 25052T   26161.15767168  .09211707  26169-5  12257-3 0  9997
2 63227  97.3825  82.7091 0009598 247.2263 112.8028 16.48960409 70590
0 BUCCANEER MM
1 63245U 25052AM  26271.24696215  .00002346  00000-0  21909-3 0  9996
2 63245  97.6702 160.0934 0002703 207.1207 152.9873 14.95118677 83990
0 M-SEL
1 63231U 25052X   26271.22347481  .00004947  00000-0  18630-3 0  9993
2 63231  97.3762 163.6458 0005972 130.3349 229.8413 15.27544580 85643
0 OBJECT Y
1 63232U 25052Y   26271.18555092  .00004110  00000-0  16754-3 0  9995
2 63232  97.3792 162.7531 0006844 132.9275 227.2539 15.24995931 85563
0 ION SCV-017
1 63230U 25052W   26271.23295421  .00002889  00000-0  10612-3 0  9994
2 63230  97.3756 165.4898 0022930  48.3084 312.0113 15.28503812 85770
0 ALMUNTHER
1 63240U 25052AG  26271.21438600  .00010647  00000-0  31650-3 0  9997
2 63240  97.3723 165.8792 0007575 128.7931 231.3990 15.34906937 85806
0 OBJECT BC
1 63260U 25052BC  26271.23938849  .00001371  00000-0  13076-3 0  9997
2 63260  97.6684 160.4212 0002036  39.2010 320.9357 14.94919136 84021
0 OBJECT AD
1 63237U 25052AD  26271.26381130  .00010669  00000-0  31820-3 0  9996
2 63237  97.3781 166.5179 0007737 123.5430 236.6553 15.34801781 85826
0 OBJECT AE
1 63238U 25052AE  26271.26190905  .00010195  00000-0  30784-3 0  9997
2 63238  97.3788 166.3829 0007456 124.1392 236.0560 15.34426385 85810
0 OBJECT AF
1 63239U 25052AF  26270.68407433  .00013164  00000-0  39690-3 0  9994
2 63239  97.3788 165.7793 0007561 123.8523 236.3441 15.34405326 85726
0 OBJECT F
1 63215U 25052F   26271.20631481  .00012950  00000-0  35153-3 0  9991
2 63215  97.3752 167.8336 0004630  96.3114 263.8658 15.37717823 85929
0 OBJECT E
1 63214U 25052E   26271.19173374  .00013590  00000-0  36843-3 0  9998
2 63214  97.3748 167.8340 0004653  95.4465 264.7311 15.37747670 85921
0 OBJECT D
1 63213U 25052D   26271.22281876  .00013075  00000-0  35188-3 0  9997
2 63213  97.3748 167.9505 0004793  94.3035 265.8757 15.37981820 85934
0 OBJECT J
1 63218U 25052J   26271.20026542  .00012389  00000-0  34282-3 0  9998
2 63218  97.3725 167.3571 0004533 103.9539 256.2209 15.37133564 85906
0 OBJECT K
1 63219U 25052K   26271.27476534  .00012072  00000-0  33478-3 0  9991
2 63219  97.3722 167.3979 0004791 104.9565 255.2210 15.37070587 85919
0 OBJECT H
1 63217U 25052H   26271.21017885  .00011967  00000-0  33209-3 0  9997
2 63217  97.3723 167.3290 0004797 105.1193 255.0583 15.37052336 85902
0 OBJECT B
1 63211U 25052B   26271.19025190  .00014690  00000-0  37257-3 0  9999
2 63211  97.3828 169.2027 0005110  85.7206 274.4623 15.39779222 85978
0 ORBASTRO-TR5
1 63236U 25052AC  26271.22384706  .00002803  00000-0  12284-3 0  9997
2 63236  97.3674 160.9823 0004879 133.9304 226.2337 15.22810127 85498
0 JINJUSAT-1B
1 63210U 25052A   26271.20918879  .00011380  00000-0  32194-3 0  9993
2 63210  97.3853 168.2401 0005263  81.3182 278.8658 15.36461658 85901
0 UVSQ-SAT NG
1 63251U 25052AT  26271.22667430  .00001717  00000-0  15901-3 0  9994
2 63251  97.6691 160.6139 0001589 220.3945 139.7159 14.95774605 84039
0 BOTSAT-1
1 63216U 25052G   26271.24135335  .00005767  00000-0  20962-3 0  9993
2 63216  97.3736 164.0991 0004136 104.7056 255.4643 15.28650992 85696
0 OBJECT B
1 62726U 25012B   26271.18207308  .00002700  00000-0  12127-3 0  9995
2 62726  97.4142 342.8016 0007213 276.0454  83.9961 15.21997760 93912
0 HERMES-1
1 63242U 25052AJ  26271.18037295  .00003130  00000-0  13852-3 0  9993
2 63242  97.3735 160.9081 0007248 168.1760 191.9648 15.22373722 85463
0 HERMES-2
1 63243U 25052AK  26270.69123222  .00005578  00000-0  18357-3 0  9998
2 63243  97.3742 165.1244 0006216 103.6778 256.5156 15.31899250 85705
0 GARAI-A
1 62635U 25009AC  26271.21677365  .00003416  00000-0  16789-3 0  9991
2 62635  97.3875 348.7091 0001815  15.8492 344.2799 15.18701251 94416
0 ICEYE-X45
1 62705U 25009DA  26271.20288094  .00004851  00000-0  38642-3 0  9991
2 62705  97.8594 358.8599 0001147  95.6030 264.5324 15.00839659 93135
0 KINEIS-4E
1 63300U 25056A   26271.27832145  .00001065  00000-0  17609-3 0  9998
2 63300  97.9155  32.3826 0002019 150.4051 209.7272 14.72336865 82297
0 KINEIS-4C
1 63301U 25056B   26271.29126164  .00001063  00000-0  17591-3 0  9996
2 63301  97.9209  32.6922 0003484  15.2402 344.8910 14.72305506 82303
0 KINEIS-4D
1 63302U 25056C   26271.29514808  .00001079  00000-0  17811-3 0  9995
2 63302  97.9130  32.5948 0002799  35.7864 324.3531 14.72382144 82306
0 KINEIS-4A
1 63303U 25056D   26271.32977765  .00001055  00000-0  17460-3 0  9999
2 63303  97.9224  32.6681 0001024  10.0952 350.0276 14.72314126 82307
0 KINEIS-4B
1 63304U 25056E   26271.31242317  .00001037  00000-0  17164-3 0  9998
2 63304  97.9236  32.7194 0004782 339.8826  20.2192 14.72313282 82290
0 HERMES-6
1 63489U 25052BK  26271.18655617  .00003454  00000-0  14529-3 0  9991
2 63489  97.3844 162.1745 0006694 152.4064 207.7530 15.24040070 85516
0 HERMES-5
1 63834U 25052BQ  26271.16035558  .00004163  00000-0  14493-3 0  9997
2 63834  97.3821 164.9738 0005264 125.6829 234.4903 15.30232140 85698
0 HERMES 4
1 63833U 25052BP  26271.27320737  .00006109  00000-0  19854-3 0  9992
2 63833  97.3730 164.6304 0002835 153.0397 207.0993 15.32277603 85722
0 HERMES-3
1 63835U 25052BR  26270.97302711  .00013651  00000-0  37550-3 0  9995
2 63835  97.3705 166.6330 0007811 113.4901 246.7165 15.37275856 85833
0 OBJECT H
1 63298U 25055H   26271.33348036  .00043671  00000-0  83302-3 0  9993
2 63298  97.6657  63.1357 0004291 136.4059 223.7530 15.48026421 85355
0 YUNHAI 1-02
1 44547U 19063A   26271.21665221  .00000172  00000-0  78998-4 0  9991
2 44547  98.4146 278.6783 0005515 205.0121 155.0797 14.32604619366629
0 LIZZIESAT-3 (LS-3)
1 63233U 25052Z   26271.23661113  .00003322  00000-0  14604-3 0  9990
2 63233  97.3752 161.2274 0006639 144.8959 215.2716 15.22561676 85489
CSO 2
1 47305U 20104A   26228.07801686 0.00000000  00000-0  00000-0 0    05
2 47305  97.3522 167.8652 0002125  70.0965 289.9033 15.26904832    05
0 LYRA-1
1 62664U 25009BH  26271.18428741  .00005317  00000-0  24687-3 0  9999
2 62664  97.3893 343.6736 0008602 183.4313 176.6865 15.20404945 94068
0 LEMUR 2 STAR-FOX
1 62696U 25009CR  26271.20982458  .00004292  00000-0  31758-3 0  9995
2 62696  97.6883 352.1086 0003723 107.4852 252.6781 15.03694774 93031
0 KINEIS-2E
1 62931U 25028D   26271.12179391  .00000788  00000-0  11830-3 0  9998
2 62931  97.8850 320.5232 0001404 119.9831 240.1519 14.77231723 87978
0 TIGER-7
1 59141U 24043AV  26271.24488256  .00009362  00000-0  16336-3 0  9992
2 59141  97.5599  67.1071 0006748 137.4990 222.6785 15.50916851143939
0 BIOMASS
1 63772U 25090A   26270.92605205  .00000779  00000-0  14586-3 0  9997
2 63772  98.0756  96.7689 0001401  84.1249 276.0115 14.67536673 75755
0 ASTEX 1
1 05560U 71089A   26271.11053271  .00000318  00000-0  80692-4 0  9990
2 05560  92.7124 217.0532 0017560 116.4396 243.8614 14.50918004891651
IGS Radar 7
1 55329U 23012A   26238.88242450 0.00000000  00000-0  00000-0 0    09
2 55329  97.3646 316.2833 0002042  18.7175 341.2823 15.25980876    08
0 KINEIS-2C
1 62929U 25028B   26271.13248735  .00000880  00000-0  14301-3 0  9994
2 62929  98.1138 325.5988 0002521 312.5457  47.5537 14.73588960 87778
0 ICEYE-X41
1 62700U 25009CV  26271.20510400  .00001614  00000-0  14425-3 0  9992
2 62700  97.6999 349.2306 0002278  59.2553 300.8893 14.97269746 92828
0 ICEYE-X2
1 43800U 18099AU  26271.28379631  .00008811  00000-0  42424-3 0  9996
2 43800  97.4248 323.3236 0008582 308.2858  51.7604 15.18960209428468
0 OBJECT B
1 64049U 25103B   26271.25554383  .00002296  00000-0  10867-3 0  9991
2 64049  97.3703 340.8547 0002461 146.1476 213.9917 15.20346930 75723
0 OBJECT C
1 64050U 25103C   26271.25475965  .00002337  00000-0  11051-3 0  9993
2 64050  97.3654 340.5582 0003219 138.0865 222.0617 15.20354837 75723
0 HONGYAN 1
1 43914U 18112F   26271.23790470 -.00000181  00000-0 -89632-4 0  9998
2 43914  50.0062 217.9750 0006592 211.3286 148.7200 13.43824614380393
0 KINEIS-5B
1 62085U 24219E   26271.26053741  .00000742  00000-0  10881-3 0  9999
2 62085  98.0177  74.5826 0000889 338.0648  22.0525 14.78508339 99231
0 KINEIS-2A
1 62932U 25028E   26271.17740987  .00000835  00000-0  13608-3 0  9997
2 62932  98.1196 326.7042 0004499 182.1763 177.9426 14.73589515 87779
0 KINEIS-2B
1 62934U 25028G   26271.15491515  .00000818  00000-0  13325-3 0  9994
2 62934  97.9564 322.1069 0003869 161.3148 198.8203 14.73592008 87824
0 ICEYE-X42
1 62698U 25009CT  26271.23209606  .00001579  00000-0  16184-3 0  9998
2 62698  97.7409 347.6751 0001464 106.5867 253.5513 14.91857558 92659
0 YAM-8
1 63254U 25052AW  26271.23829217  .00002346  00000-0  15217-3 0  9990
2 63254  97.6815 173.1621 0003010 125.0738 235.0773 15.09081022 84826
0 LYNK TOWER 6
1 59123U 24043AB  26271.23675168  .00003475  00000-0  11478-3 0  9992
2 59123  97.5750  50.3656 0008750 233.6424 126.4011 15.32074422142804
0 MBZ-SAT
1 62626U 25009T   26271.27410886  .00001158  00000-0  60549-4 0  9995
2 62626  97.3889 347.1687 0004491 356.0189   4.1008 15.17798517 94326
0 GCOM W1
1 38337U 12025A   26270.83019606  .00000310  00000-0  78758-4 0  9997
2 38337  98.2088 209.8535 0001644  81.8338 336.4522 14.57108298763982
0 GOSAT (IBUKI)
1 33492U 09002A   26271.22988499  .00000425  00000-0  83463-4 0  9990
2 33492  98.0970  21.0601 0001586  89.9948 270.1438 14.67538651946575
0 DUBAISAT 1
1 35682U 09041B   26270.84927403  .00000617  00000-0  98700-4 0  9994
2 35682  98.0199  43.0763 0011679 100.4649 259.7876 14.75267462920237
0 ZHANGHENG 1-02
1 64393U 25128A   26271.01189913 -.00000068  00000-0  24040-8 0  9996
2 64393  97.3723  35.5017 0007064  98.4692 261.7344 15.21125064 71567
0 IRIDE-MS2-HEO-9
1 64585U 25135BK  26271.31045186  .00001097  00000-0  11384-3 0  9997
2 64585  97.7850  24.5171 0001920  67.5401 292.6021 14.91976656 69271
TIME FLIES
1 98572C 25135AS  25174.98816526 -.00072855  00000+0 -73653-2 0    08
2 98572  97.7468 289.3924 0002863  69.1167 224.8320 14.91142843    19
0 SATORO-T3
1 64589U 25135BP  26271.26863731  .00003053  00000-0  28604-3 0  9996
2 64589  97.7806  24.8182 0004619   6.8426 353.2857 14.94780904 69309
0 SKYBEE-A02
1 64544U 25135S   26271.20494614  .00001935  00000-0  91578-4 0  9999
2 64544  97.4827  25.1622 0002940 123.7118 236.4397 15.20551122 70485
0 BRO-18
1 64550U 25135Y   26271.31770395  .00002650  00000-0  11692-3 0  9994
2 64550  97.4720  25.6401 0000903 134.1040 226.0271 15.22647499 70561
0 IRIDE-MS2-HEO-8
1 64587U 25135BM  26271.28826689  .00001127  00000-0  11682-3 0  9995
2 64587  97.7826  24.4256 0001895  66.2319 293.9098 14.91979882 69276
0 IRIDE-MS2-HEO-6
1 64576U 25135BA  26271.32096008  .00001319  00000-0  13571-3 0  9994
2 64576  97.7814  24.1540 0001711  62.0224 298.1168 14.91971115 69265
0 IRIDE-MS2-HEO-5
1 64571U 25135AV  26271.27673735  .00001322  00000-0  13597-3 0  9993
2 64571  97.7815  24.0866 0001678  60.7528 299.3858 14.91988216 69253
0 IRIDE-MS2-HEO-4
1 64582U 25135BG  26271.26558509  .00001407  00000-0  14442-3 0  9999
2 64582  97.7815  24.2442 0001676  56.6403 303.4976 14.91983601 69263
0 IRIDE-MS2-HEO-3
1 64568U 25135AS  26271.29968632  .00001036  00000-0  10778-3 0  9994
2 64568  97.7820  24.0849 0001221  80.9341 279.2016 14.91969016 69257
0 IRIDE-MS2-HEO-2
1 64569U 25135AT  26271.28330575  .00001320  00000-0  12930-3 0  9991
2 64569  97.7842  24.5356 0002384  48.8096 311.3329 14.93967492 69276
0 YAM-10
1 64580U 25135BE  26271.22758382  .00001068  00000-0  11077-3 0  9998
2 64580  97.7816  23.7139 0003626  34.7833 325.3623 14.92056932 69227
0 OBJECT BQ
1 64590U 25135BQ  26271.25273449  .00001271  00000-0  12353-3 0  9992
2 64590  97.7807  24.6815 0005204   4.9429 355.1842 14.94341491 69293
0 LEMUR 2 HUBBLE-5
1 64840U 25135BT  26271.28162880  .00001121  00000-0  10941-3 0  9994
2 64840  97.7804  24.8051 0005525  10.9557 349.1782 14.94392039 69309
0 LEMUR 2 HUBBLE-4
1 64565U 25135AP  26271.23582424  .00000760  00000-0  77362-4 0  9992
2 64565  97.7779  24.0015 0001482 341.0895  19.0270 14.93642708 69256
0 USPWSA-DRAGOON
1 64542U 25135Q   26271.27713897  .00006809  00000-0  25543-3 0  9994
2 64542  97.4801  27.5382 0003375 149.7313 210.4122 15.27554680 70658
0 FORGESTAR-1
1 64546U 25135U   26271.25551405  .00006589  00000-0  26061-3 0  9992
2 64546  97.4785  26.8304 0001710 121.4594 238.6812 15.25804222 70610
0 ION SCV-018
1 64575U 25135AZ  26271.24682324  .00000432  00000-0  45024-4 0  9990
2 64575  97.7871  25.4691 0011487 313.7098  46.3170 14.94797742 69322
0 ION SCV-020
1 64545U 25135T   26271.22646072  .00002083  00000-0  10060-3 0  9990
2 64545  97.4705  24.9904 0008536 143.9481 216.2331 15.19739415 70491
0 ARCSTONE
1 64540U 25135N   26270.89293086  .00015077  00000-0  43091-3 0  9997
2 64540  97.4713  29.5719 0002969 164.9929 195.1403 15.36084929 70783
0 FOSSASAT2E21
1 64536U 25135J   26271.22436393  .00001838  00000-0  87444-4 0  9991
2 64536  97.4734  24.5325 0004337 165.2198 194.9165 15.20425923 70476
0 OTTER PUP 2
1 64537U 25135K   26261.58387165  .00000290  00000-0  15112-4 0  9996
2 64537  97.4797  16.7241 0002841 177.8084 182.3166 15.23560166 69097
0 SATMAR
1 64551U 25135Z   26271.28906565  .00004873  00000-0  19090-3 0  9990
2 64551  97.4719  26.8394 0000532 140.6755 219.4522 15.26262365 70640
0 TPA-1
1 64533U 25135F   26271.22899525  .00002611  00000-0  11594-3 0  9990
2 64533  97.4782  25.4859 0005298 170.9073 189.2261 15.22440239 70529
0 HYPERFIELD-1B
1 64552U 25135AA  26271.30073303  .00002980  00000-0  12962-3 0  9997
2 64552  97.4771  26.0404 0000764  60.2583 299.8730 15.23041717 70574
0 UND ROADS 2
1 64549U 25135X   26271.24095611  .00004120  00000-0  16836-3 0  9994
2 64549  97.4887  27.2713 0002745  97.0318 263.1231 15.24939214 70613
0 UND ROADS 1
1 64535U 25135H   26271.22409230  .00003900  00000-0  16648-3 0  9999
2 64535  97.4771  25.7289 0004704 160.2930 199.8489 15.23484035 70548
0 OBJECT AC
1 64554U 25135AC  26271.13604659  .00014066  00000-0  42462-3 0  9990
2 64554  97.4735  29.1883 0000904 317.7604  42.3569 15.34381003 70771
0 DUTHSAT-2
1 64530U 25135C   26271.13765888  .00009936  00000-0  35318-3 0  9998
2 64530  97.4714  27.2258 0004858 172.1508 187.9809 15.29197716 70655
0 HUBBLE 6
1 64562U 25135AL  26271.28606651  .00001136  00000-0  11276-3 0  9992
2 64562  97.7835  24.3915 0001682  98.2752 261.8659 14.93718500 69266
0 HUBBLE 7
1 64592U 25135BS  26271.25251003  .00001252  00000-0  12359-3 0  9991
2 64592  97.7840  24.8846 0003099  30.9859 329.1543 14.93757764 69296
0 CONNECTA IOT-9
1 64534U 25135G   26270.86203657  .00005879  00000-0  26958-3 0  9994
2 64534  97.4851  24.9005 0005573 160.5076 199.6373 15.20819776 70420
0 CONNECTA IOT-10
1 64555U 25135AD  26271.13570976  .00005364  00000-0  24338-3 0  9998
2 64555  97.4778  25.2850 0000798  49.2788 310.8517 15.21235423 70508
0 CONNECTA IOT-11
1 64557U 25135AF  26270.88049278  .00003783  00000-0  17206-3 0  9996
2 64557  97.4819  25.3651 0001849  50.6045 309.5354 15.21344214 70475
0 CONNECTA IOT-12
1 64553U 25135AB  26271.24868593  .00005117  00000-0  23230-3 0  9999
2 64553  97.4838  25.9605 0002132  68.0004 292.1458 15.21237422 70532
0 OBJECT D
1 64531U 25135D   26271.26154597  .00008029  00000-0  29540-3 0  9994
2 64531  97.4813  27.6315 0004761 150.4639 209.6870 15.28129492 70656
0 OBJECT AJ
1 64560U 25135AJ  26271.07767853  .00003406  00000-0  30605-3 0  9998
2 64560  97.7832  25.0458 0000991  87.6344 272.4990 14.96359422 69298
0 MSAT M1
1 23846U 96022A   26271.25885826 -.00000123  00000-0  00000-0 0  9991
2 23846  12.5953  27.5881 0024586 201.0831 168.5763  0.98645747111101
0 SYRACUSE 3B
1 29273U 06033B   26271.24484671  .00000046  00000-0  00000-0 0  9999
2 29273   3.1692  78.8541 0000520 162.5330  97.1337  0.98625021 73672
0 WILDFIRE 9
1 57765U 23133J   26271.26242282  .00000016  00000-0  40213-5 0  9990
2 57765  80.9998 269.0429 0007216  95.8855 264.3124 13.85451424155294
0 WILDFIRE 10
1 57766U 23133K   26271.08827182  .00000030  00000-0  16615-4 0  9993
2 57766  80.9987 268.6843 0007670  86.8963 273.3071 13.85666812155292
0 WILDFIRE 1
1 57764U 23133H   26271.06709195  .00000077  00000-0  57818-4 0  9993
2 57764  80.9958 268.1483 0007625  84.7129 275.4897 13.85746500155308
0 EUCROPIS
1 43807U 18099BB  26271.14013055  .00004153  00000-0  18573-3 0  9996
2 43807  97.4109 325.3834 0003787 304.5086  55.5792 15.21849795428113
0 COSMOS 2588
1 64095U 25109A   26270.79540340  .00006576  00000-0  23855-3 0  9990
2 64095  72.9733 336.4790 0008190 202.2948 157.7893 15.28569882 75291
0 GOES 19
1 60133U 24119A   26271.25601148 -.00000244  00000-0  00000-0 0  9996
2 60133   0.0435  19.0792 0000640 240.3285 124.6291  1.00272352  7991
0 TIANQI 26
1 59910U 24102B   26271.18566604  .00000085  00000-0  14637-3 0  9994
2 59910  44.9727 163.1795 0010953   9.2191 350.8841 13.99181148119332
0 TIANQI 25
1 59909U 24102A   26271.20405531  .00000080  00000-0  14277-3 0  9991
2 59909  44.9764 163.5318 0012020   5.0364 355.0588 13.99196930119339
0 LANDSAT 8
1 39084U 13008A   26271.16692249  .00000190  00000-0  52275-4 0  9998
2 39084  98.2204 340.0251 0001294  95.1445 264.9901 14.57105402712897
0 LANDSAT 9
1 49260U 21088A   26271.20131016  .00000207  00000-0  55924-4 0  9990
2 49260  98.2183 340.0783 0001487  91.3328 268.8041 14.57103969266003
0 BIFROST-DNK
1 64588U 25135BN  26271.29109426  .00001039  00000-0  10015-3 0  9991
2 64588  97.7843  25.0940 0004606  22.6368 337.5055 14.95049768 69314
0 GLOBAL-32
1 64231U 25118B   26270.80701107  .00002761  00000-0  80554-4 0  9996
2 64231  58.9912  77.7445 0011926  81.1911 279.0515 15.38632984 74038
0 OBJECT E
1 64052U 25103E   26271.30736088  .00007139  00000-0  28245-3 0  9995
2 64052  97.3651 342.1385 0003590 146.4307 213.7160 15.25752490 75820
0 SLS DEB
1 55904U 22156D   26237.60986065  .00160405  00000-0  15251-1 0  9990
2 55904  30.3768   3.9048 1534094 198.4117 155.4353 12.19438074147921
0 AAC-AIS-SAT-1
1 55107U 23001DC  26271.28365527  .00002950  00000-0  29040-3 0  9994
2 55107  97.9124 348.6050 0008006 301.1524  58.8909 14.92851709193668
0 REAL
1 64875U 25154G   26271.16955951  .00014896  00000-0  41582-3 0  9997
2 64875  97.3927 339.8243 0001539 113.5309 246.6097 15.36825106 65845
0 UNIFORM 1
1 39767U 14029B   26271.21441676  .00001888  00000-0  17262-3 0  9993
2 39767  97.8065   8.2710 0004228 341.0640  19.0423 14.96218286669626
0 ICEYE-X57
1 64578U 25135BC  26271.27198432  .00002890  00000-0  23219-3 0  9999
2 64578  97.8238  28.2077 0001924  54.2370 305.9032 15.00834176 69486
0 ICEYE-X53
1 64584U 25135BJ  26271.29357704  .00001966  00000-0  15916-3 0  9995
2 64584  97.7308  27.5695 0001300 142.2699 217.8616 15.00895516 69549
0 COSMOS 2581
1 62902U 25026A   26270.75298631  .00001004  00000-0  89083-4 0  9999
2 62902  81.9972 329.8294 0011464  78.8736 281.3772 14.95193410 89542
0 NISAR
1 65053U 25163A   26271.24013098  .00000039  00000-0  25010-4 0  9995
2 65053  98.4058  97.4116 0001227  89.4780 270.6550 14.42502467 61244
0 ICEYE-X50
1 63255U 25052AX  26271.26972222  .00000831  00000-0  80028-4 0  9999
2 63255  97.6728 161.1141 0001066 165.0133 195.1120 14.95549958 84054
0 KAZSTSAT
1 43783U 18099AB  26271.03073521  .00001548  00000-0  12853-3 0  9991
2 43783  97.4230 298.2759 0014144  66.4121 293.8587 15.00062737426722
NOSS 3-6 (P)
1 38773U 12048P   26255.11308659 0.00000000  00000-0  00000-0 0    09
2 38773  63.4244 346.8493 0317724 358.4336   1.5664 13.41054311    01
0 QUICK3
1 64558U 25135AG  26271.09665587  .00008604  00000-0  30358-3 0  9998
2 64558  97.4840  28.0001 0005566 147.7689 212.3893 15.29479960 70576
0 GAOFEN 8
1 40701U 15030A   26271.27504472  .00010653  00000-0  19552-3 0  9990
2 40701  97.6830 111.0937 0008140 171.2326 188.9068 15.49431960627393
0 COSMOS 2572
1 58435U 23182A   26271.28366906  .00271859  35002-4  38729-3 0  9997
2 58435  96.6667  14.0689 0002539 231.9924 128.1130 16.05587683164864
0 COSMOS 2583
1 62904U 25026C   26270.75300492  .00001451  00000-0  12982-3 0  9999
2 62904  81.9974 329.8305 0011466  79.0387 281.2122 14.95193011 89529
0 ICEYE-X46
1 63258U 25052BA  26271.26591292  .00001158  00000-0  10953-3 0  9998
2 63258  97.6737 161.1139 0001767  78.4271 281.7148 14.95570309 84058
0 STRIX 2
1 62406U 24248A   26271.29200914  .00004288  00000-0  26830-3 0  9997
2 62406  97.6403 226.4568 0015118 349.3588  10.7319 15.09859917 97144
0 ALSAT 2B
1 41786U 16059D   26271.26911038  .00000421  00000-0  76607-4 0  9992
2 41786  97.9794 331.5061 0000790 109.2694 250.8598 14.70975752535927
0 ICEYE-X51
1 63257U 25052AZ  26271.06177240  .00003072  00000-0  24618-3 0  9998
2 63257  97.7728 166.0617 0001882  59.4134 300.7275 15.00887053 84235
0 ICEYE-X56
1 64574U 25135AY  26271.31291399  .00001854  00000-0  17002-3 0  9998
2 64574  97.7832  25.5475 0001911  22.8577 337.2729 14.96107891 69346
0 GRUS-3ALPHA
1 64579U 25135BD  26271.28557412  .00000842  00000-0  85714-4 0  9992
2 64579  97.7854  24.4373 0003526  35.4419 324.7034 14.93344632 69263
0 ICEYE-X44
1 62707U 25009DC  26271.27289340  .00001475  00000-0  13492-3 0  9990
2 62707  97.6987 348.7618 0002189 121.9873 238.1562 14.96480471115354
0 ICEYE-X55
1 64581U 25135BF  26271.27352596  .00002592  00000-0  23800-3 0  9991
2 64581  97.7838  25.2858 0003470  32.9152 327.2284 14.95715847 69323
0 COSMOS 2576
1 59773U 24092A   26270.79104670  .00004979  00000-0  23986-3 0  9999
2 59773  97.4483  25.4210 0004427  11.3358 348.7976 15.19184145131974
0 OBJECT D
1 65262U 25180D   26271.24672245  .00003135  00000-0  16606-3 0  9991
2 65262  97.5396  37.5989 0012969 328.2051  31.8397 15.16090009 61279
0 PACE
1 58928U 24025A   26271.21993224  .00000250  00000-0  54716-4 0  9999
2 58928  98.0974 201.0197 0000998 330.9460  29.1688 14.65614069141026
0 HXMT
1 42758U 17034A   26271.31548487  .00002917  00000-0  14586-3 0  9995
2 42758  43.0154 328.4591 0029987  79.5068 280.9157 15.19235772513347
0 PUNCH-NFI00
1 63178U 25047A   26271.06751012  .00000333  00000-0  57130-4 0  9992
2 63178  97.9581  94.7649 0010934 180.9921 179.1268 14.74854895 83248
0 OBJECT A
1 65815U 25219A   26271.06213715  .00000024  00000-0  31901-4 0  9991
2 65815  98.6836 209.8550 0001505  92.4417 267.6932 14.19934481 51986
0 OBJECT A
1 58849U 24018A   26271.29833962  .00000439  00000-0  74154-4 0  9990
2 58849  58.6884 228.3945 0424395 226.8592 129.6218 14.39864365140024
0 PRSC-S1
1 65055U 25164A   26271.13312823  .00002779  00000-0  19325-3 0  9998
2 65055  41.1301  67.7002 0007506 324.5094  35.5220 15.07141467 63967
0 OBJECT B
1 66054U 25234B   26271.18835335  .00003275  00000-0  14671-3 0  9990
2 66054  97.4663 339.6763 0012383  94.2439 266.0212 15.21900845 52307
FIA Radar 3
1 39462U 13072A   26269.81035008 0.00000000  00000-0  00000-0 0    00
2 39462 123.0231 340.5854 0003212  32.7931 327.2069 13.41439416    05
0 TOMORROW-S8
1 66308U 25248R   26271.09545865  .00002343  00000-0  11550-3 0  9991
2 66308  45.3959 289.0506 0005149 258.7772 101.2537 15.21255537 50186
HAVEN-DEMO
1 98525C 25248G   25306.26405727 -.00000933  00000+0 -45446-4 0    05
2 98525  45.4034 255.8524 0000871 205.5699 170.5155 15.17646895    11
TAURUS 1
1 98524C 25248B   25306.26320194  .00027860  00000+0  12985-2 0    04
2 98524  45.4089 255.8588 0007455 201.5294 169.8646 15.19131730    17
TAURUS 2
1 98523C 25248B   25306.26320194  .00027860  00000+0  12985-2 0    03
2 98523  45.4089 255.8588 0007455 201.5294 169.8646 15.19131730    16
TAURUS 3
1 98522C 25248B   25306.26320194  .00027860  00000+0  12985-2 0    02
2 98522  45.4089 255.8588 0007455 201.5294 169.8646 15.19131730    15
TAURUS 4
1 98521C 25248B   25306.26320194  .00027860  00000+0  12985-2 0    01
2 98521  45.4089 255.8588 0007455 201.5294 169.8646 15.19131730    14
0 STARCLOUD-1
1 66303U 25248L   26271.09326070  .00002859  00000-0  13458-3 0  9992
2 66303  45.3996 287.5094 0005883 268.6291  91.3922 15.22180232 50219
0 OBJECT-B
1 65489U 25197B   26270.98354123  .00002724  00000-0  12895-3 0  9991
2 65489  97.4105  95.4252 0013886  13.7576 346.4035 15.20118995 58898
0 UNICORN-2O
1 63980U 25052BS  26046.23064614  .07374698  24226-5  45213-2 0  9996
2 63980  97.3693 306.5452 0009140 143.6049 216.5862 16.18030447 51696
0 UNICORN-2P
1 63981U 25052BT  26061.66207681  .09079400  24721-5  43819-2 0  9999
2 63981  97.3656 322.3272 0007474 166.9554 193.1930 16.21219791 54086
0 LYRA-3
1 64577U 25135BB  26271.23461972  .00000989  00000-0  15473-3 0  9996
2 64577  97.7771  12.1257 0020865  13.6956 346.4816 14.74720463 68451
0 BUZZZER-1
1 62609U 25009A   26271.00964351  .00001962  00000-0  88230-4 0  9998
2 62609  97.3852 347.4568 0006919 346.0962  14.0083 15.22270565 94331
0 LYRA-4
1 64691U 25140A   26271.22862597  .00000979  00000-0  15801-3 0  9990
2 64691  96.0101   4.8912 0011499 214.2238 145.8235 14.72711211 67227
0 OBJECT D
1 64051U 25103D   26271.29781521  .00002476  00000-0  11932-3 0  9998
2 64051  97.3735 340.0803 0002761 242.7122 117.3832 15.19643491 75657
0 OBJECT A
1 65259U 25180A   26263.78941451  .00010442  00000-0  41642-3 0  9992
2 65259  97.5302  32.9892 0011096 346.0393  14.0536 15.25328262 60352
0 MONOLITH
1 49052U 21068A   26270.67625656  .00003993  00000-0  24590-3 0  9994
2 49052  37.0239   8.8882 0003217 328.9784  31.0772 15.10012393282775
0 TIANYAN 23
1 63209U 25051B   26271.28170894  .00031896  00000-0  46748-3 0  9999
2 63209  97.4494   2.2639 0004825  83.3049 276.8754 15.55488999 86351
0 COSMIC
1 66658U 25274J   26271.02844610  .00002966  00000-0  27712-3 0  9999
2 66658  97.7491 199.1396 0013696  40.0906 320.1323 14.94842812 45592
0 OBJECT H
1 66657U 25274H   26270.74697481  .00001919  00000-0  18568-3 0  9994
2 66657  97.7493 198.5946 0013022  38.8253 321.3900 14.93881726 45534
0 OBJECT G
1 66656U 25274G   26271.11696185  .00001335  00000-0  13128-3 0  9994
2 66656  97.7493 198.8856 0014289  21.5969 338.5851 14.93725375 45582
0 OBJECT L
1 66660U 25274L   26271.05874280  .00001229  00000-0  11965-3 0  9995
2 66660  97.7500 199.1375 0014949  40.8628 319.3710 14.94275201 45596
0 OBJECT E
1 66654U 25274E   26271.23856335  .00001349  00000-0  13377-3 0  9991
2 66654  97.7496 198.8905 0013652  20.6441 339.5327 14.93394952 45599
0 OBJECT K
1 66659U 25274K   26270.75120385  .00001951  00000-0  18736-3 0  9994
2 66659  97.7496 198.7560 0014354  41.8531 318.3784 14.94158062 45543
0 E3TESTER
1 66662U 25274N   26271.21564939  .00001825  00000-0  17395-3 0  9997
2 66662  97.7500 199.3881 0015898  40.5077 319.7324 14.94513033 45628
0 INHA-ROSAT
1 66653U 25274D   26271.22787577  .00001317  00000-0  13190-3 0  9998
2 66653  97.7494 198.7433 0013076  19.8820 340.2906 14.93026867 45580
0 OBJECT M
1 66661U 25274M   26271.04510431  .00001080  00000-0  10576-3 0  9992
2 66661  97.7498 199.1440 0015625  41.6663 318.5744 14.94281335 45599
0 CAS500-3
1 66655U 25274F   26270.80904994  .00000932  00000-0  10648-3 0  9994
2 66655  97.7438 196.5096 0002781 252.0284 108.0630 14.88346575 45418
0 BEE-1000
1 66650U 25274A   26270.75216621  .00002646  00000-0  25740-3 0  9999
2 66650  97.7491 198.2875 0012306  21.7329 338.4410 14.93348036 45517
0 HYDROGNSS-1
1 66762U 25276DA  26271.19642125  .00001900  00000-0  11439-3 0  9998
2 66762  97.4110 340.6706 0012175  60.2783 299.9658 15.11925909 45918
0 LILIUM-3
1 66770U 25276DJ  26271.20315421  .00001615  00000-0  78303-4 0  9992
2 66770  97.4155 343.2348 0000574 205.3690 154.7517 15.19921658 46071
0 MERCURY ONE (M1)
1 66742U 25276CE  26271.15846158  .00002800  00000-0  13187-3 0  9996
2 66742  97.4104 342.9464 0001980  16.2556 343.8743 15.20345880 46061
TRYAD-1
1 98514C 25276W   25332.82006016 -.00014061  00000+0 -69126-3 0    00
2 98514  97.4427  44.8324 0001837 139.3929 208.7124 15.18117529    17
TRYAD-2
1 98472C 25276G   25332.81894905 -.00015115  00000+0 -77900-3 0    04
2 98472  97.4427  44.8315 0005749 353.2232 348.8171 15.16448967    19
0 IHI-SAT2
1 66772U 25276DL  26271.17051293  .00004033  00000-0  17696-3 0  9998
2 66772  97.4150 343.8383 0001483 149.2724 210.8599 15.22521939 46118
ION SCV-021
1 98507C 25276DK  25332.83867706 -.00036221  00000+0 -18257-2 0    04
2 98507  97.4442  44.8477 0001886  15.3011  74.4274 15.17249798    11
0 HYDROGNSS-2
1 66763U 25276DB  26271.16459693  .00001593  00000-0  96600-4 0  9994
2 66763  97.4108 340.5705 0011142   8.1525 351.9884 15.11904624 45902
0 PIAST-S1
1 66749U 25276CM  26271.18785776  .00003423  00000-0  15669-3 0  9993
2 66749  97.4104 343.2028 0001864   9.7027 350.4244 15.21179187 46087
0 ION-SCV-022
1 66682U 25276S   26271.18719039  .00000549  00000-0  51162-4 0  9993
2 66682  97.5181 338.1551 0005914 173.9014 186.2282 14.98052599 45494
0 OBJECT DD
1 66765U 25276DD  26271.15337070  .00007392  00000-0  29126-3 0  9990
2 66765  97.4134 344.5453 0000760 116.2080 243.9236 15.25886656 46167
0 LILIUM-2
1 66679U 25276P   26271.19088068  .00001876  00000-0  94415-4 0  9993
2 66679  97.4060 342.1452 0006309  22.7641 337.3872 15.18411519 46024
AC1-002
1 98502C 25276DH  25332.83812498 -.00039587  00000+0 -19966-2 0    03
2 98502  97.4441  44.8466 0001831  19.3111  67.4049 15.17230783    14
0 OBJECT DP
1 66775U 25276DP  26271.19486390  .00003743  00000-0  16518-3 0  9992
2 66775  97.4043 343.4088 0002699 123.6695 236.4799 15.22369376 46114
0 MICE-1
1 66684U 25276U   26271.17309603  .00002243  00000-0  10793-3 0  9993
2 66684  97.4186 343.0787 0005333  12.0544 348.0818 15.19797619 46051
0 BRO-20
1 66674U 25276J   26271.16200010  .00001881  00000-0  93920-4 0  9994
2 66674  97.4081 342.2366 0006537  20.0129 340.1361 15.18681372 46023
0 PIAST-M
1 66758U 25276CW  26271.17846513  .00002850  00000-0  13132-3 0  9995
2 66758  97.4097 343.1899 0001051  52.5552 307.5780 15.21090568 46083
CTC-1A
1 98482U          25332.82035646  .00003403  00000-0  17393-3 0 00009
2 98482 097.4475 044.8332 0007770 330.0061 019.7177 15.16670007000013
0 T-MICROSAT-1
1 66766U 25276DE  26271.14617393  .00003685  00000-0  16567-3 0  9995
2 66766  97.4075 343.2791 0001724 115.6504 244.4911 15.21740903 46096
0 HUNITY-1
1 66670U 25276E   26271.16824597  .00018991  00000-0  61647-3 0  9992
2 66670  97.3976 344.8928 0005235  17.3887 342.7533 15.31981015 46220
0 PIAST-S2
1 66757U 25276CV  26271.27443578  .00003573  00000-0  16225-3 0  9998
2 66757  97.4126 343.4846 0000905  24.2347 335.8931 15.21421786 46100
AC1-001
1 98501C 25276DB  25332.83686572 -.00037976  00000+0 -19187-2 0    09
2 98501  97.4447  44.8504 0002753  16.4894  63.3438 15.17166546    14
6GSTARLAB
1 98500C 25276Q   25332.81957058 -.00020149  00000+0 -10356-2 0    09
2 98500  97.4493  44.8302 0005240 344.1804   1.2397 15.16550460    12
0 GYEONGGISAT-1
1 66771U 25276DK  26271.15443222  .00003806  00000-0  17131-3 0  9993
2 66771  97.4147 343.5681 0001005 166.2873 193.8391 15.21683266 46093
0 BRO-17
1 66672U 25276G   26271.19442905  .00002313  00000-0  11534-3 0  9997
2 66672  97.4104 342.2828 0006805  15.8974 344.2473 15.18513744 46024
PW-6U
1 98513C 25276X   25332.82018632 -.00000922  00000+0 -45419-4 0    07
2 98513  97.4459  44.8318 0001293 154.2539 194.5339 15.18038025    16
3UCUBED-A
1 98517C 25276BN  25332.82504975  .00001682  00000+0  83855-4 0    09
2 98517  97.4423  44.8362 0000660  28.9081 346.4366 15.17617264    11
0 ANISCSAT-1
1 66671U 25276F   26271.17206403  .00006445  00000-0  27365-3 0  9994
2 66671  97.4119 343.6006 0005380  13.9714 346.1671 15.23409454 46108
CTC-1C
1 98480U 25276AS  25332.82216433 -.00022598  00000+0 -11210-2 0    02
2 98480  97.4485  44.8340 0000580 252.9749 106.6046 15.17805408    04
0 LUNA-1
1 66777U 25276DR  26271.23495436  .00006121  00000-0  25293-3 0  9993
2 66777  97.4170 344.4626 0001581 172.2338 187.8924 15.24356111 46157
VEERY-0G SPIN-2
1 98471C 25276V   25332.82003007 -.00016250  00000+0 -83956-3 0    08
2 98471  97.4429  44.8323 0006176 356.8754 351.0665 15.16360449    14
0 NAHLA
1 66764U 25276DC  26271.19849048  .00001801  00000-0  88494-4 0  9999
2 66764  97.4111 342.7663 0002417   9.3759 350.7521 15.19322559 46052
CTC-1B
1 98481U          25332.82173840  .00003584  00000-0  17687-3 0 00003
2 98481 097.4451 044.8348 0003092 295.9955 061.2772 15.17917918000016
0 BLACK KITE-1
1 66741U 25276CD  26271.18376510  .00004395  00000-0  19590-3 0  9993
2 66741  97.4154 343.4217 0005207   6.1132 354.0166 15.21927785 43387
AC1-003
1 98503C 25276CR  25332.83576965 -.00036690  00000+0 -18600-2 0    06
2 98503  97.4447  44.8487 0002976  25.2861  48.5664 15.17046294    18
0 OTTER SDM
1 66678U 25276N   26271.18910490  .00003714  00000-0  17144-3 0  9990
2 66678  97.4123 342.9827 0005667  14.7550 345.3849 15.20826718 46064
0 OBJECT XY
1 66912U 98067XY  26181.26850509  .04959706  12213-4  89989-3 0  9996
2 66912  51.6017 203.3402 0004540 328.5351  31.5400 16.31633310 32959
0 OBJECT XX
1 66911U 98067XX  26101.45822411  .06931681  12208-4  13558-2 0  9995
2 66911  51.5990 251.7761 0012204 297.7475  62.2310 16.30633237 20407
0 GRUS-1C
1 47933U 21022B   26271.27134215  .00001028  00000-0  89783-4 0  9996
2 47933  97.5176 150.8511 0011617 335.2786  24.7880 14.98840179301345
0 GRUS-1E
1 47935U 21022D   26271.27451559  .00001022  00000-0  88862-4 0  9992
2 47935  97.5219 152.2279 0009233 339.5346  20.5506 14.99069809301390
0 GRUS-1D
1 47936U 21022E   26271.28093635  .00001398  00000-0  12039-3 0  9999
2 47936  97.5201 151.1702 0009900 327.1503  32.9104 14.98882985301343
0 DUPLEX
1 66906U 98067XT  26270.82635375  .00040325  00000-0  31900-3 0  9993
2 66906  51.6227 128.1247 0004596 202.8367 157.2427 15.70918968 46742
0 FORESAIL-1 PRIME
1 66778U 25276DS  26271.15064150  .00003296  00000-0  15871-3 0  9991
2 66778  97.4110 342.5359 0003820 102.7389 257.4273 15.19436459 46032
0 KINEIS-5D
1 62082U 24219B   26271.30796184  .00000630  00000-0  10673-3 0  9991
2 62082  97.9280  67.5728 0003858 312.4383  47.6498 14.72600454 98938
USA 570
1 66992U 25291A   26268.80872183 0.00000000  00000-0  00000-0 0    05
2 66992  63.4439 254.6003 0104551 181.7742 178.2258 13.41007554    02
0 W-SERIES 4
1 64543U 25135R   26155.12839034  .19897838  22280-5  14009-3 0  9996
2 64543  97.4058 267.3464 0042699 124.9730 235.5596 16.49444068 52632
0 OBJECT A
1 66993U 25292A   26271.18774593  .00001626  00000-0  11272-3 0  9996
2 66993  97.6230 345.9001 0014983  14.3552 345.8098 15.06943131 43950
0 FORMOSAT-8A
1 66666U 25276A   26271.20988251  .00001145  00000-0  94126-4 0  9992
2 66666  97.6537 343.9085 0004281 281.9900  78.0844 15.01097166 45517
0 COSMOS 2582
1 62903U 25026B   26270.75303427  .00000796  00000-0  70215-4 0  9994
2 62903  81.9973 329.8295 0011448  78.9471 281.3036 14.95194523 89532
0 ALOS 2
1 39766U 14029A   26271.27925814  .00000484  00000-0  71711-4 0  9990
2 39766  97.9235   6.9662 0001473  95.6188 264.5192 14.79479379666826
0 THE ARAB SATELLITE 813
1 66994U 25292B   26271.15425555  .00002920  00000-0  19767-3 0  9990
2 66994  97.6252 345.9960 0014503  14.5516 345.6127 15.07210670 43956
0 SPACEMOBILE-006
1 67232U 25309A   26271.16181665  .00001068  00000-0  65715-4 0  9994
2 67232  52.9962 219.8227 0012271  90.4429 269.7970 15.18955292 42246
0 OBJECT D
1 66996U 25292D   26271.22268500  .00002346  00000-0  16250-3 0  9991
2 66996  97.6238 345.8574 0014303  16.5654 343.6037 15.06552848 43958
0 CO3D1
1 64903U 25156E   26271.23307840  .00000926  00000-0  45912-4 0  9998
2 64903  97.4343 348.3437 0001283  93.0446 267.0936 15.20197285 65189
0 OBJECT T
1 67265U 25313T   26271.19808279  .00004926  00000-0  20098-3 0  9995
2 67265  97.3848 344.4018 0013828   8.5004 351.6466 15.24799628 41649
0 OBJECT W
1 67268U 25313W   26271.16617889  .00003888  00000-0  16431-3 0  9992
2 67268  97.3864 344.1819 0014416   8.8824 351.2665 15.23743306 41629
0 OBJECT R
1 67263U 25313R   26271.12168022  .00005112  00000-0  20764-3 0  9999
2 67263  97.3866 344.4252 0013848   7.6936 352.4512 15.24932823 41639
0 OBJECT BB
1 67297U 25313BB  26271.13227632  .00006078  00000-0  23226-3 0  9998
2 67297  97.3857 345.1358 0007785   6.1467 353.9866 15.26957446 41680
0 OBJECT J
1 67256U 25313J   26271.17056419  .00005445  00000-0  22262-3 0  9996
2 67256  97.3841 344.2568 0014903   6.1967 353.9452 15.24671177 41634
0 OBJECT AY
1 67294U 25313AY  26271.16703574  .00006209  00000-0  23904-3 0  9991
2 67294  97.3859 345.0738 0008194   3.2244 356.9046 15.26696031 41689
0 OBJECT E
1 67252U 25313E   26271.27296370  .00004351  00000-0  17465-3 0  9999
2 67252  97.3861 344.9323 0009217 350.5921   9.5143 15.25462328 41689
0 OBJECT N
1 67260U 25313N   26271.16479925  .00004242  00000-0  18145-3 0  9990
2 67260  97.3868 344.0319 0013256   9.3519 350.7963 15.23286823 41617
0 OBJECT K
1 67257U 25313K   26271.17985026  .00005094  00000-0  20913-3 0  9993
2 67257  97.3848 344.2683 0014782   8.3806 351.7676 15.24564100 41632
0 OBJECT Y
1 67270U 25313Y   26271.18667826  .00005098  00000-0  20706-3 0  9998
2 67270  97.3855 344.4511 0013800   8.0053 352.1403 15.24939271 41647
0 OBJECT BA
1 67296U 25313BA  26271.20980003  .00006162  00000-0  23597-3 0  9998
2 67296  97.3862 345.1799 0008004   3.2841 356.8449 15.26878636 41696
0 OBJECT AW
1 67292U 25313AW  26271.17523319  .00005919  00000-0  22845-3 0  9997
2 67292  97.3852 345.0486 0008321   2.1416 357.9857 15.26632829 41687
0 OBJECT AZ
1 67295U 25313AZ  26271.15737208  .00004526  00000-0  18197-3 0  9990
2 67295  97.3856 344.7685 0009602 352.7883   7.3215 15.25386091 41664
0 OBJECT L
1 67258U 25313L   26271.16249497  .00005514  00000-0  22519-3 0  9999
2 67258  97.3842 344.2751 0014682   7.5935 352.5522 15.24706792 41630
0 OBJECT U
1 67266U 25313U   26271.18385165  .00005059  00000-0  20533-3 0  9991
2 67266  97.3874 344.5196 0013666   7.1171 353.0258 15.24965895 41643
0 ICEYE-X52
1 64572U 25135AW  26271.29875637  .00000944  00000-0  94162-4 0  9998
2 64572  97.7832  24.4825 0001953  27.4315 332.7008 14.93908935 69275
IGS Opt 6
1 43223U 18021A   26237.00160296 0.00000000  00000-0  00000-0 0    03
2 43223  97.3619 356.0758 0007880 315.0968  44.9031 15.27650769    09
Unknown Satellite
1 98424U 14087A   25365.46550792  .00000000  00000-0  13520-3 0    03
2 98424  97.5500  77.9404 0006729 146.6344 341.7667 15.19828235    06
0 MAUVE
1 66756U 25276CU  26271.20043220  .00004124  00000-0  18489-3 0  9997
2 66756  97.4120 343.3942 0000980  18.7538 341.3734 15.21775472 46097
0 OBJECT Z
1 67271U 25313Z   26271.18302714  .00002452  00000-0  10923-3 0  9992
2 67271  97.3851 343.8308 0014699   7.0395 353.1045 15.22291587 41604
PANDORA
1 98415U          26011.57430556  .00000000  00000-0  50000-4 0    04
2 98415  97.4500  12.1270 0001449   0.0000 144.8055 15.13677675    00
0 CONNECTA IOT-16
1 67390U 26004AD  26271.26326509  .00004684  00000-0  22914-3 0  9991
2 67390  97.4651 268.8166 0003675  19.0356 341.1015 15.18687881 39382
0 CONNECTA IOT-15
1 67402U 26004AR  26270.89881970  .00004943  00000-0  24220-3 0  9991
2 67402  97.4630 268.3190 0002964  14.0476 346.0840 15.18603653 39311
0 CONNECTA IOT-14
1 67401U 26004AQ  26271.24294515  .00004400  00000-0  21094-3 0  9997
2 67401  97.4572 268.8781 0008880 354.4898   5.6238 15.19401270 39409
0 CONNECTA IOT-13
1 67400U 26004AP  26270.95121909  .00005631  00000-0  27390-3 0  9991
2 67400  97.4625 268.5405 0008314   7.3293 352.8061 15.18770460 39345
DCUBED-1
1 98416U          26011.57430556  .00000000  00000-0  50000-4 0    05
2 98416  97.4500  12.1270 0001449   0.0000 144.8055 15.13677675    01
CARSBSAR
1 98417U          26011.57430556  .00000000  00000-0  50000-4 0    06
2 98417  97.4500  12.1270 0001449   0.0000 144.8055 15.13677675    02
SPARCS
1 98418U          26011.57430556  .00000000  00000-0  50000-4 0    07
2 98418  97.4500  12.1270 0001449   0.0000 144.8055 15.13677675    03
0 FLAMINGO-1
1 67391U 26004AE  26269.94732341  .00001396  00000-0  72071-4 0  9996
2 67391  97.4619 267.3704 0005278 351.2854   8.8287 15.17948430 39189
Hydra-2
1 98414U          26011.61429188  .00000000  00000-0  10027-2 0  9997
2 98414  97.4560  12.9912 0004309 139.7313 219.8438 15.16782699    16
0 TANDEM X
1 36605U 10030A   26270.41932669 -.00000047  00000-0  96459-6 0  9992
2 36605  97.4472 276.6779 0001804  96.9138 263.2302 15.19146365902165
0 TERRA SAR X
1 31698U 07026A   26270.41932800 -.00000060  00000-0  34058-6 0  9999
2 31698  97.4467 276.6777 0001818  81.7564 278.3876 15.19146383 68744
0 NORSAT 3
1 48272U 21034E   26271.28548897  .00001757  00000-0  12466-3 0  9994
2 48272  97.5210 326.0706 0005900 319.8796  40.1995 15.06004098295355
0 CHEOPS
1 44874U 19092B   26271.08756155  .00000187  00000-0  46633-4 0  9995
2 44874  98.1507  97.9371 0011430 132.6961 227.5205 14.62020372360933
0 ZY 3 04
1 67131U 25300A   26271.23489222  .00002691  00000-0  12373-3 0  9995
2 67131  97.4660 348.3239 0006169 326.5504  33.5341 15.21207185 43504
NOSS 3-7 (A)
1 40964U 15058A   26269.87494342 0.00000000  00000-0  00000-0 0    01
2 40964  63.4447 174.7523 0240919 358.8289   1.1711 13.41003164    04
0 LIDE
1 64869U 25154A   26271.15719957  .00001524  00000-0  14489-3 0  9993
2 64869  97.6612 332.6398 0004107 239.0096 121.0721 14.94895958 64388
0 RADARSAT 2
1 32382U 07061A   26271.31485056  .00000156  00000-0  77300-4 0  9995
2 32382  98.5817 276.7929 0001253  84.1762 275.9563 14.29981864980690
0 OBJECT B
1 66651U 25274B   26271.23376227  .00001804  00000-0  17587-3 0  9998
2 66651  97.7484 198.8632 0012510  17.5722 342.5928 14.93663372 45595
0 TIGER-8
1 59120U 24043Y   26271.22810520  .00007307  00000-0  14987-3 0  9997
2 59120  97.5672  64.1317 0007076 180.4927 179.6316 15.46346772143701
0 HJS-6B
1 63429U 25067B   26271.23274368  .00007496  00000-0  36618-3 0  9990
2 63429  54.9999 297.3260 0003849 195.4984 164.5918 15.19233434 83600
0 LEOPARD
1 67687U 98067YE  26271.20323410  .00165723  00000-0  91628-3 0  9990
2 67687  51.6210 129.9149 0009507 214.6549 145.3834 15.78526510 36364
0 HMU-SAT2
1 67688U 98067YF  26270.82901059  .00133847  00000-0  64472-3 0  9998
2 67688  51.6224 128.1242 0008282 206.1373 153.9212 15.81660972 36354
0 UITMSAT
1 67686U 98067YD  26270.85955551  .00245014  33025-4  80349-3 0  9993
2 67686  51.6181 124.5010 0008772 219.8112 140.2251 15.90048265 36484
0 LOGSATS
1 62689U 25009CJ  26098.74662697  .12544300  24838-5  19322-2 0  9997
2 62689  97.3596 191.3193 0013238 279.5788  80.4012 16.33862094 68979
0 ICEYE-X62
1 66755U 25276CT  26271.15641439  .00001524  00000-0  96368-4 0  9990
2 66755  97.4108 340.1179 0003152  42.0068 318.1404 15.10469596 45877
0 LEMUR-2 GRAM-E-SUE
1 67370U 26004H   26269.92984848  .00002946  00000-0  31916-3 0  9996
2 67370  97.8039 266.9536 0007487 157.5984 202.5561 14.88966799 38439
0 SJ-30A
1 66545U 25266A   26271.23899907  .00003234  00000-0  18500-3 0  9991
2 66545  51.7991  56.6309 0006190 239.1675 120.8693 15.15440511 47487
0 IRIDE-MS1-EAG2-4
1 66698U 25276AJ  26271.16366341  .00003680  00000-0  17054-3 0  9992
2 66698  97.4099 342.9030 0004171  26.5904 333.5545 15.20694517 46069
HErO
1 98388U 14900A   26064.12755787  .00000000  00000-0  00000-0 0    03
2 98388  97.4566 147.8115 0001824 270.0767  71.5898 15.21229641    07
TATARA-1R
1 98390U 14900A   26064.12755787  .00000000  00000-0  00000-0 0    06
2 98390  97.4566 147.8115 0001824 270.0767  71.5898 15.21229641    00
SC-Sat1a
1 98389U 14900A   26064.12755787  .00000000  00000-0  00000-0 0    04
2 98389  97.4566 147.8115 0001824 270.0767  71.5898 15.21229641    08
AETS-1
1 98387U 14900A   26064.12755787  .00000000  00000-0  00000-0 0    02
2 98387  97.4566 147.8115 0001824 270.0767  71.5898 15.21229641    06
0 IOD2_STARTICAL
1 64538U 25135L   26270.30486737  .00003531  00000-0  16222-3 0  9995
2 64538  97.4794  24.0549 0004821 163.0964 197.0433 15.21036500 70340
0 TEN-KOH 2
1 68261U 25241B   26271.06862284  .00005164  00000-0  21731-3 0  9994
2 68261  51.6560 189.5457 0007964 130.9678 229.1990 15.25007231 30604
0 ICEYE-X61
1 66754U 25276CS  26271.20432412  .00002252  00000-0  11063-3 0  9991
2 66754  97.4113 342.7618 0002887   5.7877 354.3390 15.19073298 46052
0 PHASMA-DIRAC
1 66681U 25276R   26271.19991695  .00010044  00000-0  38297-3 0  9997
2 66681  97.4031 344.1131 0004840  29.6200 330.5312 15.26874732 46164
0 PHASMA-LAMARR
1 66673U 25276H   26271.17485582  .00010363  00000-0  41208-3 0  9999
2 66673  97.4077 343.8485 0005766  21.8763 338.2721 15.25460217 46133
0 LEMUR 2 AFFIE-WAUWIE
1 66295U 25248C   26271.09211627  .00013262  00000-0  44811-3 0  9990
2 66295  45.3898 275.9355 0007024 323.6363  36.4049 15.30678778 50342
0 LEMUR 2 AMANDA-SVANTE
1 48269U 21034B   26271.19826582  .00026157  00000-0  64560-3 0  9993
2 48269  97.5687 352.6252 0002275 203.2385 156.8758 15.40501840296888
0 GLOBAL-5
1 55983U 23041C   26271.17789655  .00007523  00000-0  20373-3 0  9991
2 55983  42.0012 320.6980 0007628   3.4289 356.6602 15.37959501197794
0 GLOBAL-33
1 66554U 25267A   26271.11810648  .00008148  00000-0  21431-3 0  9990
2 66554  42.0191 176.5268 0012089 247.5851 112.3709 15.38737889 47892
0 LEMUR 2 LANGER2SPACE
1 63358U 25061H   26270.87966297  .00003147  00000-0  17210-3 0  9999
2 63358  97.5742 246.0520 0014698 262.8120  97.1441 15.14931944 83164
0 TAIJING-2 04
1 58820U 24016A   26271.26603105  .00032050  00000-0  37205-3 0  9997
2 58820  97.4479  11.2983 0004851  37.3790 322.7804 15.61704984150126
0 OBJECT C
1 67748U 26027C   26271.09336440  .00003303  00000-0  15826-3 0  9990
2 67748  97.5208  38.7148 0009663 214.7543 145.3061 15.19598629 34581
0 OBJECT AF
1 67277U 25313AF  26271.16598261  .00003990  00000-0  16883-3 0  9999
2 67277  97.3825 344.0589 0013451  12.5620 347.5950 15.23688865 41626
WINNEBAGO 06
1 98357C 26066AX  26089.50644153 -.00021799  00000+0 -10992-2 0    00
2 98357  97.4426  49.1605 0002517  19.0277  10.5102 15.17232642    15
VIREON-2
1 98349C 26067F   26089.49773563 -.00014857  00000+0 -72769-3 0    06
2 98349  97.4450  49.1587 0002503 123.2850 218.7612 15.18244923    16
CYCLOPS-1
1 98350C 26067T   26089.49942544 -.00020853  00000+0 -10285-2 0    02
2 98350  97.4520  49.1589 0000707 161.0262 190.2316 15.18005631    15
VIGORIDE
1 98359C 26066AS  26089.50558273 -.00006157  00000+0 -30670-3 0    06
2 98359  97.4424  49.1595 0000674 359.9242  24.9258 15.17658170    12
0 AIGLONSAT-1
1 68437U 26067X   26270.87986155  .00010345  00000-0  45284-3 0  9994
2 68437  97.4609 228.3010 0004824  68.5354 291.6397 15.22220094 27553
0 UNICORN-2S
1 68475U 26067BM  26270.82221743  .00006345  00000-0  60725-3 0  9998
2 68475  97.7605 227.4660 0005929  76.3954 283.7926 14.93528607 26518
UNICORN-2R
1 98353C 26067BH  26089.56063215 -.00072091  00000+0 -73836-2 0    04
2 98353  97.7465  49.0705 0004127 349.1024 334.3763 14.90616544    10
0 TORO-3
1 68481U 26067BT  26271.09846316  .00001599  00000-0  16217-3 0  9997
2 68481  97.7801 228.0859 0002636   7.2070 352.9187 14.92283840 27070
0 T.MICROSAT-2
1 68433U 26067T   26271.10242031  .00003431  00000-0  17093-3 0  9990
2 68433  97.4691 228.0178 0007415  69.6622 290.5408 15.18216967 27540
SPACEVAN 2
1 98358C 26066AW  26089.50622046 -.00013155  00000+0 -65649-3 0    05
2 98358  97.4405  49.1592 0000895  26.8142   1.5212 15.17592748    10
SHARJAH-SAT 2
1 98363C 26067V   26089.49984326 -.00012757  00000+0 -63026-3 0    06
2 98363  97.4513  49.1596 0000455 143.3402 210.2007 15.17945209    11
0 SAL-E
1 68458U 26067AU  26271.11964069  .00004793  00000-0  23188-3 0  9994
2 68458  97.4604 227.9312 0007722  79.2558 280.9546 15.19041386 27554
0 OBJECT BD
1 68467U 26067BD  26270.81418909  .00013117  00000-0  57661-3 0  9990
2 68467  97.4515 227.8626 0008428  81.6342 278.5849 15.21992215 27530
0 PEAKSAT
1 68416U 26067A   26271.11442655  .00004520  00000-0  20936-3 0  9996
2 68416  97.4676 228.5535 0000117 337.5032  22.6198 15.20606316 27588
0 PARUS-6U1
1 68456U 26067AS  26270.82342615  .00004403  00000-0  21701-3 0  9993
2 68456  97.4679 227.7400 0007361  73.2440 286.9601 15.18442418 27506
0 OPTISAT
1 68418U 26067C   26271.11173759  .00003271  00000-0  15622-3 0  9992
2 68418  97.4709 228.4965 0001037 350.5125   9.6090 15.19747735 27577
0 LUNA-2
1 68470U 26067BG  26271.16293488  .00003654  00000-0  18032-3 0  9990
2 68470  97.4603 227.8725 0008873  74.9100 285.3115 15.18496212 27559
LILIUM-4
1 98391C 26067AC  26089.50133053 -.00014632  00000+0 -74472-3 0    03
2 98391  97.4497  49.1617 0004341   5.9603 355.7042 15.16896692    15
0 JACK-002
1 68417U 26067B   26271.19062132  .00004197  00000-0  19526-3 0  9996
2 68417  97.4694 228.6540 0000291  15.3080 344.8164 15.20496551 27594
0 ION SCV-019
1 68435U 26067V   26271.22170355  .00003036  00000-0  14278-3 0  9997
2 68435  97.4676 228.5717 0010916  48.4286 311.7883 15.20288719 27595
IO-1
1 98348C 26067BQ  26089.56125831 -.00083000  00000+0 -84054-2 0    07
2 98348  97.7477  49.0697 0002170   6.1545 320.6790 14.91078349    15
GRAVITAS
1 98355C 26066BB  26089.55429037 -.00066622  00000+0 -66475-2 0    06
2 98355  97.7519  49.0603 0001441 291.2423 358.1870 14.91667363    14
GEMS2 AMETHYST
1 98354C 26066BE  26089.56114338 -.00079475  00000+0 -80259-2 0    07
2 98354  97.7510  49.0679 0003524 323.0444   3.1677 14.91186189    12
GARAI B
1 98361C 26067AN  26089.50366734 -.00003564  00000+0 -18032-3 0    06
2 98361  97.4484  49.1644 0003509  15.7336 358.6906 15.17105218    14
FOSSASAT-2E
1 98351C 26067BT  26089.56152220 -.00073743  00000+0 -73055-2 0    05
2 98351  97.7527  49.0666 0002264 140.9448 187.2918 14.91955055    11
FGN 100 D3
1 98360C 26067AR  26089.50501456 -.00022081  00000+0 -11164-2 0    00
2 98360  97.4449  49.1646 0003388  23.7550 358.0272 15.17137345    14
0 ERMIS3
1 68425U 26067K   26271.19470469  .00003432  00000-0  16361-3 0  9996
2 68425  97.4710 228.5450 0001916  41.2015 318.9364 15.19777792 27582
0 ERMIS2
1 68420U 26067E   26270.87718355  .00006690  00000-0  30129-3 0  9991
2 68420  97.4588 228.2449 0001075 100.0505 260.0852 15.21393615 27556
0 DB-BECON-2-VU
1 68468U 26067BE  26271.19055566  .00004899  00000-0  23630-3 0  9995
2 68468  97.4660 228.1557 0008643  65.4747 294.7388 15.19129171 27568
0 EMISAR
1 68427U 26067M   26270.86068800  .00006217  00000-0  28459-3 0  9998
2 68427  97.4668 228.2819 0002306  48.7368 311.4066 15.20863490 27545
0 DISCO-2
1 68431U 26067R   26270.82964743  .00006234  00000-0  28896-3 0  9994
2 68431  97.4723 228.3001 0002859  42.1762 317.9693 15.20430597 27539
0 FEMTO-1
1 68419U 26067D   26271.12290453  .00002106  00000-0  10259-3 0  9992
2 68419  97.4665 228.3780 0000152  87.0295 273.0957 15.19440711 27573
0 COSMO
1 68460U 26067AW  26271.15976379  .00007936  00000-0  37353-3 0  9999
2 68460  97.4603 228.0613 0008031  75.6593 284.5533 15.19787722 27563
BRO 19
1 98364U          26095.63073419 +.00006059 +00000+0 +29926-3 0 00154
2 98364  97.4429  55.1931 0002637 103.8937 256.2591 15.18233373000938
0 BLACK KITE-2
1 68474U 26067BL  26270.83815781  .00001800  00000-0  17883-3 0  9997
2 68474  97.7669 227.6904 0000547 277.0726  83.0431 14.92959033 27049
Unknown 2 - T16
1 98345C 26066AB  26089.50170542 -.00003004  00000+0 -14893-3 0    07
2 98345  97.4431  49.1553 0000362 126.4920 237.1910 15.17819254    18
Unknown 5 - T16
1 98342C 26066H   26089.49848319 -.00017647  00000+0 -86272-3 0    04
2 98342  97.4377  49.1533 0003071 132.7149 213.3884 15.18310102    10
0 OUT OF THE BOX
1 68428U 26067N   26270.84394150  .00002970  00000-0  14488-3 0  9996
2 68428  97.4704 228.0649 0002516  49.1668 310.9785 15.19074291 27528
0 FFLY-1
1 65320U 25188F   26271.26594582  .00000724  00000-0  75336-4 0  9990
2 65320  97.7296 344.7221 0009511 183.8089 176.3059 14.92854500 59287
0 CANVAS
1 68635U 26074J   26271.19832264  .00007402  00000-0  28054-3 0  9995
2 68635  60.0211 141.7082 0036675  95.6440 264.8826 15.27246950 26519
0 RAWHIDE-1
1 68629U 26074C   26271.04938172  .00002499  00000-0  10890-3 0  9997
2 68629  60.0200 143.2593 0038722  94.8591 265.6913 15.25039822 26474
0 OBJECT E
1 68631U 26074E   26271.10704050  .00002570  00000-0  11109-3 0  9997
2 68631  60.0207 142.9645 0036684  96.3896 264.1364 15.25274633 26484
0 LPNTSAT-002
1 68409U 26065B   26271.23016447  .00004443  00000-0  20686-3 0  9991
2 68409  97.3827 149.6723 0013793   7.0816 353.0611 15.20351348 27899
0 OBJECT A
1 67646U 26021A   26271.21926468  .00003710  00000-0  15979-3 0  9991
2 67646  97.4501 344.2955 0010908 164.1843 195.9736 15.23171968 36556
0 PRAETORIAN SDA_610
1 65573U 25203J   26271.25006749  .00000041  00000-0  26369-4 0  9994
2 65573  81.2969 275.3953 0005624 281.1508  78.9015 13.83534958 52948
0 MR-1
1 67557U 26015B   26271.24870714  .00000036  00000-0  35787-4 0  9998
2 67557  88.9950 258.0750 0004907 121.1163 239.0471 13.52675489 33645
0 CENTISPACE-2 S8
1 68357U 26060H   26265.83961658  .00000364  00000-0  24242-3 0  9990
2 68357  54.9873  17.0288 0004932 282.3280  77.7142 14.20118501 26870
0 MR-2
1 67556U 26015A   26270.20846006  .00000029  00000-0  26157-4 0  9992
2 67556  88.9950 258.1806 0004751 123.6267 236.5339 13.52701228 33507
0 RAWHIDE-2
1 68632U 26074F   26271.03580339  .00002099  00000-0  92013-4 0  9992
2 68632  60.0301 142.8031 0036434  97.8516 262.6704 15.25616719 26471
0 ICEYE-X59
1 66752U 25276CQ  26271.20659707  .00002914  00000-0  23247-3 0  9999
2 66752  97.4544 338.2064 0000796  54.0142 306.1156 15.01037924 45727
0 ICEYE-X60
1 66753U 25276CR  26271.18731937  .00003181  00000-0  19964-3 0  9991
2 66753  97.4108 340.6764 0003411  60.7420 299.4150 15.09983381 45912
0 MAGNARO-II
1 68798U 26088G   26271.12157984  .00002250  00000-0  14408-3 0  9996
2 68798  97.5217  58.4036 0020279  88.6515 271.7037 15.09406322 23824
0 ORIGAMISAT-2
1 68795U 26088D   26271.02413471  .00009088  00000-0  54923-3 0  9990
2 68795  97.5203  58.3762 0015453  86.5560 273.7437 15.10797996 23813
0 OBJECT A
1 68792U 26088A   26271.19103602  .00002262  00000-0  15264-3 0  9999
2 68792  97.5216  58.0085 0015654 113.2580 247.0298 15.07528167 23808
0 OBJECT F
1 68797U 26088F   26270.86289568  .00003834  00000-0  24153-3 0  9996
2 68797  97.5204  58.1112 0016630  86.7392 273.5739 15.09637680 23786
0 OBJECT B
1 68793U 26088B   26270.37508487  .00003134  00000-0  20932-3 0  9996
2 68793  97.5208  57.2469 0016604 112.0748 248.2245 15.07611125 23684
0 OBJECT E
1 68796U 26088E   26271.22342148  .00003221  00000-0  20640-3 0  9997
2 68796  97.5211  58.4051 0016787  86.1057 274.2091 15.09126382 23830
0 LPNTSAT-001
1 68408U 26065A   26270.66020731  .00002088  00000-0  10283-3 0  9992
2 68408  97.3839 148.9350 0016671  12.8983 347.2674 15.18962174 27814
0 BLACKCAT
1 67369U 26004G   26270.71818309  .00000634  00000-0  75202-4 0  9990
2 67369  97.8054 267.4829 0007520 155.8876 204.2694 14.87884660 38536
0 FFLY-2
1 65322U 25188H   26271.24508425  .00000705  00000-0  73342-4 0  9995
2 65322  97.7283 344.6882 0013572 137.6887 222.5382 14.92864264 59283
0 BALKAN-2
1 69024U 26100AW  26271.22423103  .00003195  00000-0  14730-3 0  9991
2 69024  97.3921 167.1549 0003722  29.0773 331.0669 15.20970206 22463
0 PEARL-1A
1 68990U 26100L   26271.24013583  .00001311  00000-0  13742-3 0  9991
2 68990  97.7166 166.4442 0005370 165.5831 194.5541 14.91216536 22057
SNAPPY
1 98309U          26123.29305556  .00000000  00000-0  50000-4 0    00
2 98309  97.3900  21.0349 0014528   0.0000 144.7244 15.20279983    00
0 BRO-21
1 69007U 26100AD  26271.23248255  .00002253  00000-0  10179-3 0  9993
2 69007  97.3902 167.3940 0009413  60.3958 299.8215 15.21952327 22470
0 BUSANSAT
1 68989U 26100K   26271.18146800  .00001323  00000-0  13876-3 0  9992
2 68989  97.7249 166.5095 0006753 141.7505 218.4194 14.91173324 22048
0 DRISHTI
1 69010U 26100AG  26271.26734418  .00001782  00000-0  83750-4 0  9993
2 69010  97.3894 167.1872 0006346  42.5711 317.6016 15.20869627 22474
0 EYCORE-1
1 69011U 26100AH  26271.24008511  .00002886  00000-0  13174-3 0  9998
2 69011  97.3903 167.2437 0005780  49.0881 311.0854 15.21390887 22471
0 SELENE
1 69020U 26100AS  26271.24416305  .00003408  00000-0  15764-3 0  9990
2 69020  97.3894 167.0708 0003950   9.4999 350.6310 15.20811910 22465
0 HELIOS
1 69021U 26100AT  26271.15817983  .00004288  00000-0  19545-3 0  9996
2 69021  97.3876 166.9988 0004677  12.5252 347.6099 15.21171100 22458
0 FRONTIERSAT
1 69015U 26100AM  26270.98854260  .00006386  00000-0  27351-3 0  9993
2 69015  97.3854 167.1687 0009459  51.1571 309.0509 15.23090097 22468
0 OBJECT W
1 69000U 26100W   26271.18048389  .00001644  00000-0  16534-3 0  9990
2 69000  97.7181 166.6996 0000739  79.8876 280.2427 14.92560304 22066
0 NULINK-2
1 68994U 26100Q   26271.21978358  .00000568  00000-0  60325-4 0  9995
2 68994  97.7192 166.8183 0001597  43.6953 316.4393 14.92774653 22076
0 OBJECT Y
1 69002U 26100Y   26133.16667823  .00039316  00000-0  36618-2 0  9998
2 69002  97.7019  30.4227 0010353 160.6012  60.3080 14.94099745  1301
0 PEARL-1B
1 68980U 26100A   26271.27768615  .00001479  00000-0  15549-3 0  9998
2 68980  97.7220 166.4880 0007563 154.3729 205.7866 14.90902247 22045
HYDRA-3
1 98308U          26123.40776256  .00000000  00000-0  50000-4 0    01
2 98308  97.3900  21.9297 0014528   0.0000  48.1116 15.20279983    05
0 CRYOSAT 2
1 36508U 10013A   26271.18599930  .00000139  00000-0  33753-4 0  9997
2 36508  92.0256 302.3023 0002192  87.7091 272.4367 14.51904039873024
0 PEXT
1 64874U 25154F   26271.15072465  .00001880  00000-0  87995-4 0  9993
2 64874  97.3858 334.2022 0001177 302.1957  57.9165 15.20957261 65495
0 CENTISPACE-1 S11
1 62580U 25007F   26271.24332570 -.00000076  00000-0  61018-4 0  9993
2 62580  54.9773 290.6798 0009542 308.4358  51.5741 13.80626705 88962
0 SDA_1667
1 65977U 25230D   26271.09326948  .00000151  00000-0  13095-3 0  9993
2 65977  81.2966 117.1892 0001150  64.1837 295.9437 13.81448605 47991
0 IRIS
1 39197U 13033A   26271.12329970  .00000687  00000-0  84591-4 0  9992
2 39197  97.9264 110.0696 0024066 345.3827  14.6689 14.86054919715667
0 ICEYE-X54
1 64570U 25135AU  26271.31453059  .00001886  00000-0  17789-3 0  9994
2 64570  97.7807  24.8098 0002019   7.4657 352.6593 14.94964227 69303
0 ICEYE-X75
1 68497U 26067CK  26271.16663902  .00000962  00000-0  99705-4 0  9997
2 68497  97.7715 227.9710 0001533  27.4868 332.6432 14.92300176 27080
0 VEGA
1 68430U 26067Q   26270.83182881  .00005557  00000-0  25878-3 0  9993
2 68430  97.4608 228.0447 0001903  68.2854 291.8583 15.20319686 27534
0 SDA_1684
1 65994U 25230W   26271.07812513  .00000214  00000-0  20141-3 0  9998
2 65994  81.2985 118.0132 0000475  44.9666 315.1526 13.78101020 47945
0 AEPEX
1 68506U 26067CU  26270.84476837  .00005150  00000-0  23983-3 0  9999
2 68506  97.4629 228.0779 0004959  86.7277 273.4525 15.20346839 27416
0 ORBASTRO-JEN1
1 69006U 26100AC  26271.22100346  .00003574  00000-0  16468-3 0  9993
2 69006  97.3911 167.1290 0010867  10.5994 349.5469 15.20874843 22465
0 MENUT
1 55010U 23001B   26270.77715609  .00146355  00000-0  76694-3 0  9995
2 55010  97.2970 343.0856 0002244 141.8723 218.2705 15.80384110208482
0 PLATERO
1 58262U 23174G   26271.21346976  .00037784  00000-0  29752-3 0  9993
2 58262  97.3929  14.6534 0004160  73.4864 286.6856 15.71370794162329
0 EWS-G3
1 35491U 09033A   26271.00322561 -.00000023  00000-0  00000-0 0  9990
2 35491   1.9476  81.5682 0002303 108.5128 251.4856  1.00070030  7610
IGS Radar 5
1 42072U 17015A   26266.89486211 0.00000000  00000-0  00000-0 0    03
2 42072  97.3603 336.5545 0001726 316.5577  43.4422 15.25982129    09
0 DEIMOS 1
1 35681U 09041A   26271.28019811  .00000706  00000-0  11129-3 0  9995
2 35681  97.7540  64.1317 0001128 141.9303 218.1987 14.75326057922089
0 NOAA 6
1 11416U 79057A   26271.03723236  .00000143  00000-0  65022-4 0  9992
2 11416  98.5569 299.7538 0009067 317.9334  42.1155 14.35541498465717
0 ICEYE-X78
1 68995U 26100R   26271.23314729  .00000453  00000-0  50261-4 0  9995
2 68995  97.7224 166.7062 0003444 122.0092 238.1462 14.91913582 22068
0 BRO-22
1 69504U 26132C   26271.15935921  .00000126  00000-0  14974-4 0  9999
2 69504  97.6747 333.5086 0017614 280.2318  79.6919 14.99941019 16215
0 DAQI-2
1 68760U 26084A   26271.21123728  .00000254  00000-0  66014-4 0  9993
2 68760  98.2790 344.8914 0002897 122.4768 237.6711 14.57594799 23904
0 PRAETORIAN SDA_613
1 65576U 25203M   26271.10094875  .00000041  00000-0  27102-4 0  9994
2 65576  81.2959 275.8163 0004568 275.9995  84.0640 13.82773466 52901
0 SDA_1664
1 65974U 25230A   26271.05658757  .00000126  00000-0  11330-3 0  9994
2 65974  81.2968 117.9201 0001396  48.8106 311.3168 13.78097175 47949
0 SPACEMOBILE-008
1 69589U 26139A   26271.06584872  .00000845  00000-0  64121-4 0  9991
2 69589  52.9949 155.4290 0002330 284.8888  75.1845 15.13012199 15555
0 FENGYUNG-4C
1 67246U 25312A   26271.00174657 -.00000317  00000-0  00000-0 0  9998
2 67246   0.0194   6.7088 0000955 277.9764 215.7899  1.00273771  2901
0 SPACEMOBILE-010
1 69591U 26139C   26271.08360602  .00001365  00000-0  93811-4 0  9995
2 69591  52.9941 155.5315 0002637 261.9367  98.1324 15.12766592 15567
0 SPACEMOBILE-009
1 69590U 26139B   26270.94086062  .00000994  00000-0  72671-4 0  9991
2 69590  52.9944 156.0606 0002462 277.4644  82.6068 15.12906562 15537
0 OBJECT F
1 68203U 26052F   26271.15063364  .00004097  00000-0  23780-3 0  9993
2 68203  97.5242 344.5896 0009171 316.5558  43.4949 15.12662954 29612
0 HOKUSHIN1
1 69648U 98067YJ  26271.07992345  .00019441  00000-0  29618-3 0  9998
2 69648  51.6306 148.6603 0005951 217.4623 142.5954 15.54485775 15635
0 OBJECT D
1 69100U 26106D   26271.22393161  .00001359  00000-0  79616-4 0  9997
2 69100  97.5065 351.5965 0001688  89.0070 271.1354 15.13460861 20551
0 OBJECT E
1 68202U 26052E   26271.18644374  .00003077  00000-0  18100-3 0  9998
2 68202  97.5248 344.5575 0010117 324.3890  35.6665 15.12363706 29610
0 OBJECT E
1 69101U 26106E   26271.24394737  .00005237  00000-0  30279-3 0  9990
2 69101  97.5018 351.5507 0016713 171.4791 188.6726 15.12588568 20552
0 TERRA
1 25994U 99068A   26271.28803451  .00000217  00000-0  53140-4 0  9997
2 25994  97.9346 316.6921 0000904 252.1022 176.8957 14.61166817424660
COCONUT
1 98292U          26183.37500000  .00000100  00000+0  13146-3 0  9993
2 98292  51.6458 224.8870 0010677 125.5812  33.0212 15.48446246 57363
PROVES - Electra
1 98290U 26002A   26183.44444444  .00002000  00000-0  10000-4 0  9997
2 98290 051.6561 224.5631 0008446 154.9191 031.3137 15.47694428000018
PROVES - Alcyone
1 98289U 26003B   26183.36805556  .00002000  00000-0  10000-4 0  9992
2 98289 051.6206 224.9162 0004402 050.6302 069.1834 15.50413163000011
PROVES - Atlas
1 98288U 26003A   26183.36805556  .00002000  00000-0  10000-4 0  9991
2 98288 051.6206 224.9162 0004402 050.6302 069.1834 15.50413163000010
0 HUCSAT
1 69794U 98067YK  26270.86182557  .00027670  00000-0  41723-3 0  9996
2 69794  51.6314 150.1961 0008526 203.6786 156.3813 15.54521405 13590
0 LEMUR 2 MJR092620
1 58340U 23174CN  26271.22429465  .00013728  00000-0  26083-3 0  9992
2 58340  97.3955   3.3972 0006354 103.1426 257.0534 15.48368172161570
0 ICEYE-X71
1 68494U 26067CG  26271.25002315  .00073743  00000-0  57304-2 0  9993
2 68494  97.7710 228.3412 0001321 105.2915 195.3901 15.00963063  5800
0 ICEYE-X64
1 67373U 26004L   26271.20986332  .00000549  00000-0  65613-4 0  9992
2 67373  97.8092 268.1765 0006645 145.1055 215.0599 14.88088020 38618
0 ICEYE-X63
1 67372U 26004K   26271.27735871  .00000582  00000-0  68557-4 0  9995
2 67372  97.8079 268.3538 0005088 134.8432 225.3199 14.88452590 38635
0 ICEYE-X39
1 60546U 24149CG  26271.20292952  .00001677  00000-0  13936-3 0  9996
2 60546  97.6696 346.8603 0010611 149.5444 210.6398 15.00036586115567
0 OBJECT G
1 69588U 26138G   26266.53433346  .00000002  00000-0  97147-4 0  9993
2 69588  55.1396 278.8621 0006620 294.8293  65.1986 14.02613798 13934
0 OBJECT B
1 69583U 26138B   26267.56322962 -.00145867  00000-0 -98326-1 0  9991
2 69583  55.1423 275.4097 0007531 306.2085  53.8186 14.01258139 14074
0 CUBY-2
1 69881U 26156N   26271.22053879  .00000419  00000-0  47802-4 0  9995
2 69881  97.7396 170.1395 0003468 192.3407 167.7727 14.91091620 12359
0 KOSTKA
1 69935U 26156BU  26271.26835376  .00002098  00000-0  20837-3 0  9992
2 69935  97.7389 170.3752 0008431 234.3292 125.7143 14.92766445 12377
0 MARINA
1 69920U 26156BD  26271.23113506  .00001438  00000-0  14660-3 0  9991
2 69920  97.7431 170.3157 0005999 233.3334 126.7334 14.92205541 12367
0 OBJECT AW
1 69913U 26156AW  26271.22548121  .00000968  00000-0  10341-3 0  9996
2 69913  97.7488 170.2271 0001526 211.6113 148.5014 14.91050350 12354
0 BRO-31
1 69896U 26156AD  26271.23069087  .00000919  00000-0  95778-4 0  9990
2 69896  97.7438 170.3224 0006160 236.6690 123.3939 14.92172685 12369
0 FOSSASAT2E26
1 69899U 26156AG  26271.27681161  .00001184  00000-0  12435-3 0  9993
2 69899  97.7425 170.2454 0004082 202.5162 157.5878 14.91322806 12361
0 CUBY-1
1 69902U 26156AK  26271.21861428  .00001349  00000-0  14140-3 0  9996
2 69902  97.7401 170.1462 0003266 192.6183 167.4954 14.91191201 12350
0 CUBY-3
1 69875U 26156G   26271.22407071  .00000404  00000-0  46334-4 0  9998
2 69875  97.7415 170.1539 0002788 186.1680 173.9505 14.91073605 12358
0 CUBY-4
1 69874U 26156F   26271.22792262  .00001261  00000-0  13311-3 0  9996
2 69874  97.7429 170.1623 0002348 184.5215 175.5982 14.91001469 12350
0 CUBY-5
1 69907U 26156AQ  26271.22451860  .00001338  00000-0  14073-3 0  9990
2 69907  97.7407 170.1453 0002868 187.7125 172.4049 14.91051862 12358
0 CENTAURI-9
1 69924U 26156BH  26270.68914167  .00000742  00000-0  78281-4 0  9992
2 69924  97.7430 169.7933 0006943 234.4653 125.5920 14.92233204 12286
0 CLOUDCT-PRECURSOR
1 69939U 26156BY  26271.27050843  .00001117  00000-0  11389-3 0  9998
2 69939  97.7480 170.4679 0008237 243.9091 116.1281 14.92647098 12378
0 CYBERCUBE
1 69938U 26156BX  26271.26717959  .00002192  00000-0  21719-3 0  9996
2 69938  97.7403 170.3943 0008239 231.3418 128.7065 14.92811157 12379
0 ION SCV-023
1 69876U 26156H   26271.17427965  .00000314  00000-0  36387-4 0  9994
2 69876  97.5913 169.1158 0005468 229.2700 130.8045 14.91833460 12359
Kita-36
1 98275U          26194.71576161 +.00001124 +00000+0 +11815-3 0 00185
2 98275  97.7554  95.0637 0006811 114.0130 246.1802 14.91373412000958
Kita-53
1 98274U          26194.64799869 +.00000396 +00000+0 +45068-4 0 00153
2 98274  97.7563  94.9999 0007037 118.9285 241.2640 14.91527391000943
0 KOYO
1 69916U 26156AZ  26271.22397552  .00001587  00000-0  16547-3 0  9991
2 69916  97.7424 170.1657 0001951 184.3082 175.8120 14.91150289 12350
MAVERIC
1 98271C 26156AK  26188.34183753 -.00015096  00000-0 -29727-2 0  9998
2 98271  97.7585  88.7954 0008957 150.5475 209.6785 14.92155297    10
Navigator
1 98270U          26195.71723136 +.00001334 +00000+0 +13575-3 0 00174
2 98270  97.7561  96.0597 0010651 125.6582 234.5631 14.92377320001105
0 OASIS ALPHA
1 69936U 26156BV  26271.27152767  .00001389  00000-0  14020-3 0  9999
2 69936  97.7388 170.3708 0008532 234.0278 126.0151 14.92651534 12376
0 RAFS
1 69923U 26156BG  26271.23217972  .00000922  00000-0  96155-4 0  9993
2 69923  97.7421 170.3034 0006290 232.3386 127.7263 14.92140814 12367
0 REPLICATOR-2
1 69927U 26156BL  26271.22093508  .00000730  00000-0  76962-4 0  9994
2 69927  97.7444 170.3422 0006942 240.2542 119.7987 14.92317990 12199
0 SCION-X
1 69880U 26156M   26271.21684272  .00001445  00000-0  15080-3 0  9992
2 69880  97.7360 170.1071 0004101 186.8821 173.2342 14.91238837 12351
0 OBJECT AU
1 69911U 26156AU  26271.23667172  .00000826  00000-0  89478-4 0  9994
2 69911  97.7445 170.1687 0001499 171.2127 188.9118 14.90844944 12352
0 TOM-1
1 69872U 26156D   26271.23637925  .00000681  00000-0  74747-4 0  9995
2 69872  97.7423 170.1457 0003343 171.0120 189.1158 14.90834976 12351
0 TOM-2
1 69914U 26156AX  26271.16756649  .00000650  00000-0  71540-4 0  9993
2 69914  97.7468 170.1284 0002531 172.6415 187.4841 14.90865847 12347
0 TOM-3
1 69906U 26156AP  26271.15727714  .00000782  00000-0  84744-4 0  9990
2 69906  97.7381 170.0544 0003429 192.6199 167.4934 14.90985112 12347
0 OBJECT AE
1 69897U 26156AE  26271.23421873  .00001023  00000-0  10929-3 0  9997
2 69897  97.7477 170.2037 0000920 193.1012 167.0183 14.90903240 12359
0 MARMOTSAT
1 69912U 26156AV  26271.23003762  .00001119  00000-0  11888-3 0  9999
2 69912  97.7464 170.1948 0001559 190.2109 169.9078 14.90974718 12359
Unknown 1 T17
1 98259U          26194.91865210 +.00001488 +00000+0 +15610-3 0 00163
2 98259  97.7581  95.2617 0005175 106.4647 253.7140 14.91010768000984
0 ANDURIL-216
1 69879U 26156L   26271.19211965  .00001141  00000-0  11904-3 0  9996
2 69879  97.7459 170.2396 0004275 221.7499 138.3394 14.91654369 12352
0 6GSTARLAB
1 66683U 25276T   26271.17573561  .00001764  00000-0  87827-4 0  9998
2 66683  97.4159 342.6729 0005820  12.2434 347.8941 15.18871446 46034
0 OBJECT YN
1 69798U 98067YP  26271.04790209  .00024408  00000-0  37047-3 0  9990
2 69798  51.6297 149.1889 0009360 211.0977 148.9461 15.54406903 13628
Unknown 3 T17
1 98255U          26195.71723136 +.00001334 +00000+0 +13575-3 0 00177
2 98255  97.7561  96.0597 0010651 125.6582 234.5631 14.92377320001108
SOLARAS
1 98254U 26164B   26199.44281513  .00001536  00000-0  46956-4 0  9991
2 98254  59.9267 304.7361 0006750 269.2869  90.7445 15.39721932    25
0 STARS-X
1 69502U 26132A   26271.14309218  .00000549  00000-0  49755-4 0  9994
2 69502  97.6823 333.4243 0011290 289.0328  70.9672 14.99287971 16203
BLUEBIRD-11
1 98251U 26179A   26218.64274344  .00000454  00000-0  42287-4 0  9993
2 98251  52.9983 322.0568 0005119 345.9465  14.1382 15.13013622   206
BLUEBIRD-12
1 98250U 26179B   26218.64260137  .00000469  00000-0  42962-4 0  9993
2 98250  52.9975 322.0527 0005554 353.1869   6.9046 15.13182797   209
BLUEBIRD-13
1 98249U 26179C   26218.64251177  .00000364  00000-0  37054-4 0  9995
2 98249  52.9998 322.0550 0005443 357.5559   2.5404 15.13288669   204
JAMX01
1 98248U 26195A   26267.88003951  .00005273  00000-0  33272-3 0  9998
2 98248  97.5383 341.1626 0014042 147.7761 212.4329 15.09442172  4636
BY70-4
1 98247U 26195E   26267.80555815  .00003957  00000-0  24796-3 0  9998
2 98247  97.5348 341.0963 0012962 160.9808 199.1907 15.09857686  4630
TRISAT-S
1 98406U 26203D   26267.74361960  .00001777  00000-0  13349-3 0  9994
2 98406  97.4198 342.2558 0057333 211.6534 148.1240 15.02558481  2842
SpaceTeamSat1
1 99416U 26203A   26267.67786555  .00003583  00000-0  26470-3 0  9995
2 99416  97.4205 342.1912 0057685 212.1167 147.6540 15.02515214  2837
FRAMSAT-1
1 98914U 26203B   26267.74444959  .00002983  00000-0  22116-3 0  9990
2 98914  97.4205 342.2551 0057654 211.8046 147.9693 15.02507306  2843
0 PLATFORM-6
1 98405U 26203C   26267.74400621  .00001328  00000-0  10089-3 0  9991
2 98405  97.4191 342.2545 0057877 211.5207 148.2547 15.02532280  2849
CyBEEsat
1 98528U 26203E   26267.74321173  .00002713  00000-0  20113-3 0  9999
2 98528  97.4202 342.2565 0057332 211.4051 148.3747 15.02602061  2840
0 YAM-17
1 69884U 26156R   26271.23396970  .00000810  00000-0  88478-4 0  9990
2 69884  97.5577 168.8327 0001594  69.8991 290.2399 14.90455269 12353
0 YAM-12
1 69003U 26100Z   26270.68385378  .00001067  00000-0  11496-3 0  9990
2 69003  97.7746 166.3368 0001643  69.2359 290.9035 14.90490375 21958
0 YAM-14
1 69008U 26100AE  26270.94336321  .00000216  00000-0  27857-4 0  9992
2 69008  97.7745 166.6152 0001224  70.6097 289.5253 14.90405006 21993
0 YAM-16
1 68992U 26100N   26271.19377921  .00001252  00000-0  12999-3 0  9993
2 68992  97.7227 166.6078 0003906 139.6129 220.5381 14.91686926 22055
0 ICEYE-X72
1 68504U 26067CS  26271.16438201  .00002439  00000-0  20754-3 0  9996
2 68504  97.7733 228.8135 0002842  47.7747 312.3717 14.98754544 27130
0 ICEYE-X58
1 66751U 25276CP  26271.18962569  .00001670  00000-0  86397-4 0  9992
2 66751  97.4113 342.5017 0002896   7.3446 352.7830 15.17600607 46037
LILIUM-4
1 71922C 26067AC  26089.50133053 -.00014632  00000 0 -74472-3 0    04
2 71922  97.4497  49.1617 0004341   5.9603 355.7042 15.16896692    16
